student_id,age,gender,cgpa,attendance_pct,backlogs,coding_score,aptitude_score,communication_score,projects,certifications,internship,hackathon,extracurricular_score,technical_skills_score,programming_languages,study_hours_per_week,academic_performance,placement_readiness,placement_probability
STU00740,20,Female,4.87,72.0,3,30.0,34,55.0,0,0.0,No,No,79.0,22,1,7.7,Poor,Not Ready,2.1
STU00789,20,Male,5.82,80.3,1,43.0,48,48.0,0,,No,No,62.0,28,4,12.3,Poor,Not Ready,5.6
STU00044,23,Male,7.56,75.8,0,68.0,66,73.0,1,0.0,No,Yes,53.0,44,3,13.9,Good,Developing,47.7
STU00156,20,Male,9.23,90.1,0,85.0,70,61.0,5,3.0,Yes,Yes,54.0,73,3,22.9,Excellent,Highly Ready,99.5
STU00495,20,Male,6.35,75.4,2,51.0,50,66.0,1,0.0,No,No,59.0,32,1,7.3,Poor,Not Ready,7.7
STU00971,22,Male,5.86,68.1,1,35.0,58,63.0,0,0.0,No,No,48.0,16,2,11.7,Poor,Not Ready,1.8
STU00271,21,Male,5.84,79.2,0,42.0,51,92.0,1,2.0,No,No,52.0,26,3,11.8,Poor,Not Ready,11.5
STU00591,20,Female,5.58,71.4,4,48.0,53,45.0,0,0.0,No,No,50.0,32,1,2.3,Poor,Not Ready,0.5
STU00124,22,Female,7.18,74.6,1,80.0,87,79.0,2,0.0,Yes,No,28.0,56,5,10.3,Average,Highly Ready,93.0
STU00114,21,Male,6.31,78.6,0,36.0,38,82.0,1,3.0,Yes,No,62.0,25,2,19.7,Average,Developing,16.3
STU00931,20,Female,7.62,89.0,0,61.0,62,44.0,1,2.0,No,Yes,64.0,42,3,13.5,Good,Ready,54.4
STU00129,20,Female,6.5,73.7,0,47.0,69,62.0,0,3.0,No,No,44.0,30,2,6.9,Average,Not Ready,18.3
STU00733,21,Male,6.47,69.7,0,71.0,72,58.0,0,1.0,No,No,53.0,49,4,5.4,Poor,Developing,32.7
STU00479,20,Female,6.64,84.5,2,47.0,61,62.0,2,1.0,No,Yes,43.0,46,5,11.5,Average,Not Ready,12.9
STU00148,21,Female,7.08,64.9,0,57.0,77,70.0,2,2.0,No,No,71.0,39,2,5.6,Average,Ready,60.2
STU01006,22,Female,7.43,74.3,1,55.0,65,76.0,2,1.0,No,No,51.0,39,2,15.0,Average,Ready,61.6
STU01101,22,Male,7.74,78.3,0,60.0,91,51.0,8,1.0,Yes,No,34.0,69,6,12.1,Good,Highly Ready,96.3
STU00175,21,Female,6.18,74.7,3,35.0,48,43.0,1,0.0,Yes,No,52.0,23,1,17.0,Poor,Not Ready,0.5
STU00359,20,Male,6.12,79.7,0,42.0,55,61.0,0,2.0,No,No,45.0,29,2,19.7,Average,Not Ready,0.5
STU00221,21,Male,5.78,70.0,1,60.0,60,46.0,1,1.0,No,Yes,59.0,46,3,12.5,Poor,Not Ready,16.8
STU01104,21,Male,7.06,69.7,1,53.0,63,67.0,3,4.0,No,No,57.0,42,1,3.7,Average,Developing,52.0
STU00590,21,Female,8.74,93.8,0,78.0,64,53.0,6,1.0,Yes,Yes,62.0,73,4,13.5,Excellent,Highly Ready,99.5
STU00295,20,Male,6.88,75.9,2,56.0,58,67.0,2,1.0,No,No,61.0,49,3,11.6,Average,Developing,17.4
STU00810,19,Female,7.68,92.7,0,51.0,56,61.0,2,3.0,Yes,No,67.0,46,3,18.9,Excellent,Highly Ready,86.8
STU00298,20,Male,6.68,69.4,1,56.0,54,57.0,0,1.0,No,No,56.0,44,1,1.0,Poor,Not Ready,13.9
STU01020,23,Male,6.72,80.9,1,46.0,66,57.0,3,,Yes,Yes,47.0,56,3,7.1,Poor,Ready,59.7
STU00594,21,Male,6.35,80.2,0,36.0,31,62.0,0,0.0,No,No,66.0,21,1,18.9,Average,Not Ready,2.6
STU00788,20,Male,7.52,72.9,0,47.0,44,72.0,0,1.0,No,Yes,47.0,21,1,5.8,Good,Not Ready,21.7
STU00082,21,Female,5.34,62.8,5,37.0,46,58.0,0,0.0,No,No,32.0,32,2,1.9,Poor,Not Ready,0.5
STU00234,21,Male,7.2,73.2,0,69.0,66,59.0,4,0.0,No,Yes,44.0,53,5,5.5,Good,Ready,74.2
STU00986,21,Male,6.98,77.9,0,64.0,60,69.0,2,6.0,Yes,No,53.0,55,2,12.2,Average,Highly Ready,91.3
STU00267,21,Male,6.19,65.8,3,40.0,38,55.0,1,0.0,No,Yes,68.0,38,3,7.1,Poor,Not Ready,2.1
STU00211,22,Male,7.41,89.7,0,64.0,59,79.0,2,,No,Yes,56.0,56,2,10.6,Good,Ready,74.3
STU00615,20,Female,6.86,78.4,1,49.0,60,94.0,1,0.0,No,No,54.0,36,3,10.2,Average,Developing,29.4
STU01123,20,Male,6.86,90.9,1,57.0,53,25.0,2,1.0,No,No,90.0,48,3,16.9,Average,Not Ready,13.5
STU00963,21,Female,6.25,85.5,1,47.0,55,68.0,1,2.0,No,No,60.0,41,1,23.8,Average,Not Ready,11.2
STU01193,22,Male,5.81,66.5,3,42.0,42,48.0,0,0.0,No,No,65.0,28,4,1.0,Poor,Not Ready,2.3
STU00439,20,Male,5.34,81.5,2,44.0,40,59.0,2,2.0,No,No,71.0,37,2,17.0,Poor,Not Ready,4.5
STU00395,20,Male,7.49,82.3,0,70.0,70,82.0,0,4.0,No,No,56.0,40,1,18.0,Good,Ready,50.9
STU00351,24,Female,6.62,72.5,0,56.0,60,76.0,1,1.0,No,No,68.0,55,5,5.8,Average,Developing,31.1
STU00045,22,Female,7.76,84.2,0,67.0,70,56.0,3,3.0,Yes,No,66.0,57,2,16.3,Good,Highly Ready,90.3
STU00845,21,Male,7.26,65.0,0,62.0,56,63.0,1,0.0,Yes,No,72.0,41,3,8.0,Average,Ready,56.1
STU01070,22,Male,5.97,70.3,0,54.0,61,88.0,2,0.0,No,No,44.0,44,1,5.9,Poor,Developing,26.5
STU00343,22,Male,7.71,80.1,0,54.0,45,54.0,3,0.0,No,No,56.0,47,5,20.3,Good,Developing,34.6
STU00644,23,Female,5.96,68.4,1,45.0,50,59.0,3,2.0,No,Yes,64.0,44,1,9.4,Poor,Developing,22.3
STU00677,21,Male,9.17,92.6,0,95.0,100,76.0,4,3.0,No,No,68.0,77,4,13.7,Excellent,Highly Ready,99.5
STU00210,20,Male,7.28,84.1,0,43.0,50,46.0,0,0.0,No,Yes,48.0,31,3,14.7,Good,Not Ready,16.2
STU00480,21,Female,8.64,82.7,0,84.0,78,62.0,5,2.0,Yes,Yes,64.0,66,2,15.4,Excellent,Highly Ready,99.5
STU00077,23,Female,6.1,72.8,1,65.0,71,67.0,5,4.0,Yes,No,49.0,58,3,8.4,Poor,Highly Ready,90.6
STU00865,20,Male,7.26,73.4,1,34.0,49,65.0,1,3.0,Yes,No,27.0,22,1,11.5,Average,Developing,21.9
STU00533,20,Female,6.32,77.1,0,49.0,55,39.0,2,0.0,No,No,59.0,47,2,,Average,Not Ready,8.9
STU00875,21,Female,5.65,82.2,0,35.0,53,52.0,0,1.0,Yes,No,66.0,23,1,13.4,Poor,Developing,32.4
STU00543,20,Male,7.43,72.6,1,64.0,64,63.0,1,,No,No,46.0,44,3,14.1,Good,Developing,46.2
STU00108,20,Male,7.17,91.5,0,70.0,76,86.0,1,4.0,No,Yes,66.0,52,2,22.4,Good,Highly Ready,88.6
STU00786,20,Female,7.11,79.0,0,52.0,51,58.0,1,1.0,Yes,No,54.0,27,3,18.1,Good,Developing,34.7
STU00607,21,Male,7.78,82.5,0,49.0,55,85.0,3,1.0,Yes,Yes,,43,2,17.9,Excellent,Highly Ready,82.5
STU00425,20,Male,6.32,83.4,0,48.0,48,74.0,1,2.0,No,No,49.0,34,1,12.5,Average,Not Ready,16.6
STU00079,22,Female,7.5,73.0,0,56.0,42,47.0,1,0.0,Yes,No,63.0,49,5,16.3,Good,Developing,50.9
STU01056,21,Male,7.09,78.1,0,76.0,78,80.0,5,1.0,Yes,No,69.0,66,3,3.8,Good,Highly Ready,93.2
STU00297,20,Male,7.29,77.9,0,52.0,68,74.0,1,1.0,Yes,Yes,100.0,37,4,19.1,Good,Ready,61.4
STU00171,22,Female,5.58,63.7,2,55.0,71,56.0,0,1.0,No,No,70.0,28,2,5.8,Poor,Not Ready,9.7
STU00050,21,Male,6.5,77.2,2,50.0,60,64.0,2,0.0,No,No,28.0,33,3,10.3,Poor,Not Ready,7.4
STU00911,20,Other,6.95,84.7,0,63.0,51,82.0,1,1.0,Yes,No,69.0,51,2,18.9,Average,Ready,71.8
STU00536,20,Female,7.58,87.6,1,69.0,70,100.0,2,2.0,Yes,No,75.0,47,4,11.0,Good,Highly Ready,90.7
STU00597,21,Female,6.75,83.3,0,48.0,54,42.0,0,3.0,No,No,35.0,44,4,14.3,Average,Not Ready,5.6
STU00576,20,Female,5.52,78.8,3,23.0,50,56.0,0,0.0,No,No,77.0,7,1,14.4,Poor,Not Ready,1.9
STU00736,20,Female,7.49,,0,76.0,68,65.0,3,3.0,No,No,87.0,63,3,28.7,Good,Highly Ready,92.9
STU00926,21,Male,9.07,94.0,0,100.0,100,68.0,2,2.0,Yes,No,54.0,72,4,13.7,Excellent,Highly Ready,99.5
STU00708,19,Male,7.38,85.4,0,63.0,50,63.0,4,2.0,No,Yes,66.0,74,3,16.7,Excellent,Ready,80.6
STU00311,21,Male,8.15,78.9,0,56.0,87,83.0,3,5.0,Yes,Yes,63.0,63,3,15.9,Excellent,Highly Ready,98.7
STU00616,21,Male,6.11,83.3,0,45.0,27,62.0,0,0.0,No,No,43.0,37,1,17.2,Average,Not Ready,1.1
STU00071,20,Female,6.98,92.4,0,43.0,58,65.0,0,3.0,No,No,54.0,41,1,22.4,Good,Not Ready,7.3
STU00757,19,Female,6.1,92.5,3,54.0,65,80.0,2,2.0,No,No,58.0,31,1,15.1,Poor,Developing,20.7
STU00024,21,Male,7.62,84.9,0,61.0,73,68.0,4,4.0,No,No,33.0,51,2,15.9,Excellent,Highly Ready,89.0
STU00110,19,Male,5.12,72.7,3,30.0,39,46.0,0,0.0,,No,38.0,11,1,8.1,Poor,Not Ready,5.6
STU01005,24,Male,7.02,82.2,0,53.0,61,66.0,2,2.0,Yes,Yes,63.0,42,2,21.8,Good,Ready,71.9
STU00059,21,Male,6.9,76.7,0,65.0,67,51.0,3,3.0,Yes,No,67.0,39,1,16.7,Good,Highly Ready,89.9
STU00440,20,Male,7.52,91.2,0,58.0,66,63.0,1,1.0,No,No,68.0,51,3,12.5,Good,Developing,30.4
STU00924,20,Male,6.65,78.4,0,64.0,44,75.0,3,0.0,No,No,18.0,57,4,13.7,Average,Developing,28.3
STU00328,21,Male,6.85,71.8,0,63.0,69,76.0,1,0.0,No,No,60.0,53,5,13.2,Good,Developing,33.0
STU00428,21,Female,9.18,88.5,0,89.0,91,72.0,4,4.0,No,Yes,56.0,69,1,14.3,Excellent,Highly Ready,99.5
STU01019,20,Female,6.63,84.0,0,54.0,67,53.0,1,1.0,No,No,54.0,30,1,12.0,Average,Developing,32.7
STU00662,20,Female,6.32,78.7,2,65.0,55,56.0,0,1.0,Yes,No,40.0,35,2,4.7,Poor,Developing,20.5
STU01146,24,Male,6.94,71.6,1,65.0,53,69.0,0,1.0,No,No,53.0,47,1,6.1,Average,Developing,13.3
STU00383,21,Female,6.48,90.2,2,28.0,44,90.0,1,2.0,No,No,54.0,31,1,23.6,Average,Not Ready,7.8
STU00102,21,Male,6.73,69.3,0,71.0,69,83.0,1,0.0,No,No,57.0,53,5,,Poor,Developing,30.4
STU00334,20,Male,5.92,61.9,2,46.0,55,52.0,0,1.0,No,No,56.0,25,1,9.0,Poor,Not Ready,2.4
STU00904,20,Female,7.81,87.7,0,62.0,86,89.0,4,5.0,Yes,Yes,74.0,61,4,,Good,Highly Ready,99.3
STU00436,20,Female,7.15,79.4,1,56.0,54,47.0,2,1.0,Yes,No,59.0,36,1,15.6,Average,Ready,55.5
STU00600,20,Female,5.41,70.5,2,47.0,29,47.0,1,0.0,No,No,71.0,28,1,13.2,Poor,Not Ready,0.5
STU00052,21,Male,8.27,95.1,0,58.0,81,73.0,5,5.0,Yes,Yes,65.0,55,3,23.6,Excellent,Highly Ready,99.5
STU00366,21,Male,7.92,78.2,0,55.0,81,66.0,4,2.0,No,No,44.0,60,6,19.8,Good,Highly Ready,86.9
STU00287,20,Male,7.46,91.1,0,73.0,59,68.0,2,2.0,Yes,Yes,54.0,62,5,14.1,Good,Highly Ready,93.5
STU00199,21,Male,7.28,82.2,0,68.0,53,47.0,4,2.0,Yes,Yes,73.0,69,3,19.9,Good,Highly Ready,94.8
STU00668,21,Female,7.28,92.3,0,75.0,77,60.0,5,2.0,No,No,73.0,78,3,22.5,Good,Highly Ready,99.5
STU00515,20,Female,6.15,83.2,0,53.0,80,72.0,1,2.0,No,Yes,56.0,38,2,21.4,Average,Developing,36.7
STU00245,22,Female,8.05,77.6,0,84.0,83,57.0,3,2.0,Yes,Yes,64.0,65,5,13.8,Good,Highly Ready,99.5
STU00468,22,Female,8.87,87.2,0,75.0,86,78.0,4,2.0,No,Yes,73.0,83,7,13.1,Excellent,Highly Ready,95.9
STU00494,20,Male,7.1,85.1,0,51.0,59,79.0,4,0.0,Yes,No,61.0,54,4,12.6,Good,Highly Ready,88.3
STU00055,20,Male,6.04,72.0,2,64.0,53,47.0,0,2.0,No,No,69.0,38,1,4.7,Poor,Not Ready,3.9
STU01168,20,Male,7.98,82.2,0,91.0,65,78.0,4,3.0,No,Yes,67.0,78,3,13.7,Good,Highly Ready,95.6
STU00769,20,Male,5.61,68.7,2,27.0,50,92.0,0,2.0,No,Yes,75.0,28,1,9.7,Poor,Not Ready,1.5
STU00310,21,Male,8.17,83.2,0,79.0,87,61.0,3,5.0,Yes,Yes,71.0,75,6,11.4,Good,Highly Ready,99.5
STU00057,23,Male,6.73,85.0,0,53.0,58,64.0,2,2.0,No,Yes,99.0,49,2,26.2,Good,Developing,40.1
STU00087,22,Male,6.01,75.2,2,38.0,56,71.0,0,0.0,No,Yes,64.0,19,1,9.0,Poor,Not Ready,5.0
STU00722,21,Male,7.55,81.9,0,72.0,69,59.0,3,3.0,Yes,No,51.0,83,5,15.5,Good,Highly Ready,97.6
STU00307,22,Other,5.47,57.4,0,39.0,47,60.0,0,0.0,No,No,43.0,25,2,1.0,Poor,Not Ready,2.3
STU00737,22,Male,7.96,79.6,0,67.0,88,78.0,3,0.0,Yes,Yes,59.0,57,5,15.3,Good,Highly Ready,93.1
STU01178,21,Male,6.8,77.8,0,68.0,72,48.0,0,2.0,No,Yes,69.0,47,2,15.6,Average,Developing,29.3
STU00713,20,Female,6.89,77.2,0,49.0,42,54.0,1,1.0,No,Yes,56.0,36,1,21.7,Average,Not Ready,14.6
STU00583,20,Female,5.36,49.8,1,41.0,29,56.0,0,0.0,No,No,57.0,25,3,1.0,Poor,Not Ready,0.5
STU01023,21,Male,7.5,79.2,0,57.0,84,68.0,4,3.0,No,No,52.0,56,2,11.0,Good,Highly Ready,80.5
STU00936,21,Female,6.8,78.6,0,71.0,74,47.0,3,1.0,No,No,50.0,60,4,11.3,Average,Ready,60.4
STU01037,21,Male,7.11,95.1,1,80.0,58,66.0,3,0.0,No,Yes,72.0,51,3,13.4,Good,Ready,66.4
STU00539,20,Male,4.93,72.7,8,23.0,33,66.0,0,0.0,No,No,57.0,21,1,13.0,Poor,Not Ready,0.5
STU00559,19,Male,5.71,75.4,0,28.0,48,71.0,0,1.0,No,No,74.0,13,1,10.3,Poor,Not Ready,0.5
STU00651,23,Male,8.01,79.2,0,77.0,74,56.0,3,0.0,Yes,Yes,90.0,67,5,7.8,Good,Highly Ready,92.1
STU00299,21,Female,5.68,80.5,5,17.0,51,57.0,1,3.0,No,No,49.0,19,2,22.6,Poor,Not Ready,3.2
STU00635,22,Female,7.28,89.5,1,63.0,45,53.0,1,2.0,No,No,57.0,46,2,15.0,Good,Developing,18.3
STU00416,20,Female,7.29,81.7,0,52.0,72,57.0,1,2.0,No,No,45.0,55,4,13.9,Good,Developing,37.1
STU00411,21,Female,5.84,81.8,2,49.0,37,50.0,0,1.0,No,No,47.0,34,2,13.6,Poor,Not Ready,1.1
STU00951,19,Female,6.23,79.9,1,34.0,48,54.0,0,0.0,No,No,49.0,23,1,12.1,Average,Not Ready,0.5
STU00732,20,Male,6.7,75.7,0,59.0,53,69.0,3,1.0,No,No,75.0,48,4,11.2,Average,Ready,65.5
STU00567,23,Female,6.11,72.9,0,56.0,51,73.0,1,3.0,No,No,52.0,51,4,9.8,Poor,Developing,33.1
STU00412,21,Female,4.87,67.7,8,22.0,32,60.0,0,1.0,No,No,61.0,18,1,16.9,Poor,Not Ready,0.5
STU00912,20,Male,6.59,82.9,0,81.0,57,60.0,4,5.0,Yes,No,58.0,69,2,23.7,Average,Highly Ready,95.9
STU01166,21,Male,6.9,87.4,1,58.0,52,73.0,3,8.0,No,No,87.0,66,3,28.8,Good,Highly Ready,79.4
STU00372,21,Male,7.87,73.6,0,76.0,70,49.0,8,2.0,Yes,Yes,53.0,97,7,12.2,Good,Highly Ready,99.5
STU00817,20,Male,6.5,77.9,0,45.0,50,80.0,1,0.0,Yes,No,57.0,37,1,15.2,Average,Developing,22.5
STU00694,19,Male,4.34,58.7,10,5.0,46,54.0,0,0.0,No,No,63.0,5,1,1.0,Poor,Not Ready,3.4
STU00599,23,Male,6.8,73.8,0,73.0,56,65.0,1,1.0,No,No,56.0,46,2,12.5,Average,Developing,29.9
STU00921,22,Male,7.11,82.1,0,47.0,56,65.0,0,1.0,No,No,13.0,28,2,20.2,Good,Not Ready,9.7
STU00756,21,Female,6.77,67.6,0,60.0,66,61.0,2,1.0,No,Yes,72.0,39,3,5.5,Average,Developing,45.8
STU00345,22,Male,8.37,96.2,1,85.0,80,80.0,4,2.0,Yes,Yes,63.0,78,4,23.2,Excellent,Highly Ready,99.5
STU00248,19,Male,8.94,86.8,0,100.0,88,56.0,4,4.0,No,Yes,57.0,86,8,19.5,Excellent,Highly Ready,94.7
STU00362,22,Male,6.52,77.4,0,65.0,63,67.0,2,2.0,No,No,71.0,58,1,14.8,Average,Developing,43.2
STU01129,22,Male,6.19,86.1,1,51.0,46,56.0,2,0.0,No,No,41.0,48,4,19.7,Poor,Not Ready,13.0
STU00809,21,Male,7.26,78.5,0,67.0,54,50.0,0,1.0,No,No,67.0,46,2,,Good,Developing,42.1
STU00452,23,Female,7.03,81.6,0,61.0,71,81.0,2,1.0,No,No,65.0,55,5,33.0,Average,Developing,37.8
STU00276,22,Female,6.95,74.0,0,64.0,65,86.0,2,0.0,No,No,12.0,50,4,14.8,Average,Developing,25.7
STU00715,21,Female,7.64,82.2,0,71.0,78,60.0,2,4.0,Yes,Yes,44.0,51,3,14.1,Good,Highly Ready,98.8
STU01181,20,Female,6.3,81.4,0,42.0,37,59.0,0,0.0,No,No,29.0,37,1,14.8,Average,Not Ready,4.8
STU00193,21,Female,7.06,72.7,0,45.0,43,59.0,1,0.0,No,Yes,48.0,32,1,5.4,Average,Not Ready,10.9
STU00169,22,Female,7.52,85.5,0,43.0,61,53.0,4,3.0,Yes,Yes,63.0,49,4,12.5,Good,Highly Ready,95.1
STU00197,22,Female,7.29,92.2,0,78.0,62,61.0,0,0.0,No,Yes,56.0,46,3,23.3,Good,Ready,68.7
STU00266,20,Male,8.19,84.6,0,76.0,76,76.0,4,4.0,No,Yes,57.0,74,4,17.3,Excellent,Highly Ready,99.5
STU01046,22,Female,6.0,76.1,1,29.0,50,55.0,0,0.0,No,No,41.0,18,2,11.3,Poor,Not Ready,0.5
STU00739,20,Female,5.96,70.0,2,34.0,55,61.0,0,0.0,No,No,64.0,18,1,9.1,Poor,Not Ready,0.5
STU00941,20,Male,6.49,77.6,0,64.0,56,89.0,6,0.0,Yes,Yes,97.0,54,3,13.6,Average,Highly Ready,97.4
STU00584,20,Female,5.23,61.2,3,22.0,47,49.0,0,0.0,No,No,58.0,31,4,12.9,Poor,Not Ready,3.4
STU00887,21,Female,8.59,81.6,0,84.0,66,64.0,4,3.0,Yes,No,35.0,64,1,13.6,Excellent,Highly Ready,96.6
STU00629,21,Male,5.89,70.7,1,44.0,53,55.0,0,4.0,No,No,37.0,38,1,7.2,Poor,Not Ready,4.6
STU00716,21,Male,4.89,55.8,3,31.0,35,50.0,0,0.0,No,No,31.0,28,2,1.0,Poor,Not Ready,0.5
STU00746,21,Male,7.12,65.9,0,69.0,76,53.0,1,0.0,No,No,66.0,51,7,6.6,Average,Developing,44.2
STU00718,20,Female,8.24,77.6,0,68.0,71,72.0,8,6.0,Yes,Yes,57.0,85,1,20.3,Excellent,Highly Ready,97.7
STU01027,22,Male,5.45,71.4,3,18.0,44,64.0,0,1.0,No,No,39.0,8,2,16.1,Poor,Not Ready,3.8
STU00876,22,Male,4.6,61.5,9,23.0,22,48.0,1,1.0,No,No,79.0,19,2,7.3,Poor,Not Ready,2.4
STU00434,20,Male,4.96,73.1,2,25.0,31,67.0,0,1.0,No,Yes,75.0,13,1,11.1,Poor,Not Ready,6.7
STU00766,22,Female,6.24,76.0,0,22.0,48,66.0,0,1.0,No,No,38.0,19,1,19.0,Average,Not Ready,0.5
STU01015,22,Female,5.81,82.6,3,54.0,54,82.0,0,0.0,No,Yes,56.0,42,1,2.0,Poor,Not Ready,7.4
STU01062,21,Male,7.49,76.6,0,65.0,79,54.0,2,1.0,Yes,Yes,58.0,46,5,14.2,Good,Highly Ready,98.7
STU00136,21,Female,7.35,94.3,0,59.0,49,64.0,4,4.0,Yes,No,64.0,38,2,22.9,Good,Highly Ready,79.1
STU00618,20,Female,7.07,80.3,0,64.0,71,72.0,3,,Yes,No,74.0,50,2,19.0,Average,Highly Ready,87.8
STU00882,20,Male,7.33,77.2,0,78.0,65,65.0,4,3.0,Yes,No,55.0,72,2,21.9,Good,Highly Ready,90.2
STU00333,21,Female,6.97,84.8,0,55.0,56,52.0,2,0.0,No,No,41.0,44,3,18.2,Average,Developing,25.0
STU00278,20,Female,5.62,62.8,1,29.0,36,48.0,0,0.0,No,No,36.0,16,1,7.2,Poor,Not Ready,0.6
STU00159,21,Female,7.24,76.4,0,40.0,44,74.0,1,1.0,Yes,No,71.0,31,3,14.0,Good,Developing,31.0
STU00141,22,Male,6.29,79.0,1,66.0,48,64.0,1,0.0,No,Yes,62.0,54,5,4.2,Poor,Developing,35.0
STU00908,21,Female,6.31,68.5,1,30.0,43,47.0,0,0.0,No,No,59.0,19,1,10.6,Poor,Not Ready,0.9
STU00725,21,Female,6.36,74.4,0,42.0,66,60.0,0,1.0,No,No,59.0,30,1,6.3,Average,Not Ready,5.8
STU00320,24,Male,4.75,67.4,8,28.0,53,38.0,0,0.0,No,No,,18,2,4.0,Poor,Not Ready,0.5
STU01179,21,Female,6.71,74.1,1,74.0,56,51.0,0,2.0,No,No,60.0,40,3,20.7,Average,Not Ready,14.2
STU01157,20,Male,6.78,85.1,1,55.0,50,81.0,0,3.0,No,No,50.0,35,1,18.4,Average,Developing,27.5
STU01071,21,Male,7.26,77.2,0,69.0,55,60.0,1,4.0,Yes,No,54.0,45,3,19.1,Average,Highly Ready,79.3
STU00868,20,Male,6.79,87.1,0,32.0,63,63.0,1,2.0,No,No,40.0,39,4,12.5,Average,Not Ready,21.6
STU00483,21,Male,6.13,65.8,0,59.0,64,57.0,3,2.0,No,Yes,27.0,60,3,13.2,Poor,Ready,52.1
STU00965,20,Male,7.15,,0,55.0,71,66.0,0,2.0,No,Yes,78.0,34,3,18.3,Good,Developing,35.1
STU00185,21,Male,5.99,59.7,0,43.0,49,65.0,1,,No,No,44.0,34,5,1.0,Poor,Not Ready,4.1
STU00426,20,Male,-1.0,90.6,1,66.0,58,51.0,3,0.0,No,No,68.0,57,3,22.2,Excellent,Ready,60.5
STU01162,20,Female,6.36,68.0,2,60.0,71,64.0,3,0.0,No,No,74.0,58,6,13.3,Poor,Developing,27.1
STU00260,21,Female,6.08,83.9,0,29.0,43,61.0,0,2.0,No,Yes,56.0,27,1,15.7,Average,Not Ready,6.4
STU00812,21,Male,7.46,99.2,1,60.0,68,62.0,1,4.0,Yes,No,53.0,55,2,19.0,Good,Highly Ready,95.0
STU00164,22,Male,6.89,89.5,0,53.0,41,79.0,1,1.0,No,No,48.0,37,1,18.4,Good,Developing,25.7
STU00421,21,Male,7.39,95.6,1,39.0,60,60.0,3,2.0,No,No,55.0,36,1,17.4,Good,Not Ready,11.4
STU01183,21,Female,5.44,57.7,5,47.0,48,41.0,0,0.0,No,No,27.0,31,1,7.7,Poor,Not Ready,1.5
STU00157,21,Female,6.66,87.5,0,70.0,57,27.0,1,1.0,Yes,Yes,83.0,55,3,11.2,Average,Ready,82.4
STU00712,23,Male,7.42,77.7,0,91.0,64,63.0,2,2.0,Yes,No,66.0,57,2,16.6,Good,Highly Ready,94.1
STU00423,19,Male,7.24,92.5,0,71.0,44,73.0,1,0.0,Yes,Yes,79.0,46,2,20.8,Good,Highly Ready,92.1
STU00846,23,Male,6.55,72.2,1,60.0,72,60.0,0,3.0,No,Yes,66.0,40,2,,Poor,Developing,45.6
STU00200,22,Male,7.37,69.8,0,28.0,48,62.0,2,2.0,No,Yes,62.0,40,4,2.6,Average,Not Ready,17.9
STU00962,20,Male,6.72,78.3,0,52.0,56,84.0,2,0.0,Yes,No,65.0,37,3,14.6,Average,Developing,30.6
STU00463,21,Female,5.74,,1,29.0,68,73.0,0,1.0,No,No,58.0,25,2,19.1,Poor,Not Ready,2.3
STU00851,23,Male,7.08,76.7,0,43.0,43,75.0,3,4.0,,Yes,61.0,49,4,24.2,Good,Ready,60.1
STU00714,21,Female,6.13,58.7,1,46.0,63,45.0,0,0.0,No,No,59.0,22,1,1.0,Poor,Not Ready,3.0
STU00835,20,Female,6.4,89.5,2,50.0,53,83.0,1,2.0,Yes,No,53.0,42,2,20.0,Average,Developing,41.1
STU00209,20,Female,5.78,87.2,0,48.0,45,34.0,2,3.0,No,No,47.0,37,2,15.4,Poor,Not Ready,8.9
STU00606,21,Male,6.35,59.8,0,49.0,68,49.0,2,0.0,No,No,58.0,45,5,7.0,Poor,Developing,31.1
STU00942,21,Male,7.6,77.6,0,65.0,64,56.0,1,0.0,No,No,40.0,48,2,,Good,Developing,43.1
STU00619,22,Female,6.45,81.2,1,44.0,52,56.0,3,0.0,No,No,71.0,40,1,14.4,Poor,Not Ready,12.8
STU00290,21,Male,6.94,78.1,0,65.0,53,57.0,1,1.0,No,No,67.0,51,1,19.4,Good,Developing,29.6
STU00998,22,Male,6.79,80.6,1,50.0,71,61.0,3,1.0,No,No,61.0,41,6,8.7,Average,Developing,18.2
STU00984,20,Male,6.89,68.4,0,67.0,62,62.0,0,1.0,No,No,76.0,40,2,7.5,Average,Not Ready,18.7
STU01084,20,Male,7.35,77.1,0,42.0,55,58.0,0,1.0,No,Yes,81.0,27,1,13.9,Good,Not Ready,19.2
STU00537,19,Male,6.4,83.9,2,52.0,50,50.0,1,1.0,No,No,44.0,35,2,9.4,Average,Not Ready,9.2
STU00579,21,Male,6.05,66.7,0,52.0,61,42.0,1,3.0,Yes,No,70.0,33,1,3.9,Poor,Developing,33.6
STU00097,23,Male,4.88,70.5,6,28.0,34,44.0,0,1.0,No,No,72.0,31,3,10.5,Poor,Not Ready,4.3
STU01042,19,Male,7.32,73.6,1,52.0,71,55.0,3,2.0,Yes,Yes,,59,5,14.0,Average,Highly Ready,82.3
STU00842,22,Female,7.62,82.1,0,49.0,62,77.0,2,4.0,Yes,No,48.0,43,1,20.1,Good,Highly Ready,88.0
STU00179,20,Female,6.66,79.2,0,63.0,63,62.0,0,4.0,No,No,48.0,45,2,,Average,Developing,23.3
STU00032,20,Male,6.34,69.9,0,51.0,41,55.0,4,1.0,Yes,Yes,25.0,48,3,14.3,Average,Ready,76.9
STU00232,22,Female,6.69,68.5,0,48.0,62,53.0,2,1.0,No,No,54.0,35,1,6.9,Average,Not Ready,10.1
STU00935,20,Female,7.06,70.5,1,68.0,61,51.0,2,1.0,No,No,57.0,51,3,10.9,Average,Developing,30.8
STU00666,21,Female,5.39,75.8,3,28.0,38,34.0,1,3.0,No,No,39.0,24,1,19.6,Poor,Not Ready,0.5
STU00761,20,Male,7.84,75.3,0,79.0,67,39.0,0,0.0,No,No,65.0,61,4,14.1,Excellent,Ready,49.6
STU01135,23,Female,7.26,80.8,0,53.0,53,66.0,0,2.0,No,Yes,21.0,44,4,10.1,Average,Developing,37.8
STU00332,20,Male,7.26,78.6,0,73.0,63,61.0,1,3.0,No,Yes,100.0,53,1,14.8,Average,Highly Ready,80.3
STU00219,21,Female,7.94,81.6,0,75.0,63,64.0,2,1.0,Yes,No,82.0,48,2,23.9,Excellent,Highly Ready,93.1
STU00915,20,Male,6.66,82.6,0,85.0,68,65.0,2,2.0,No,No,41.0,66,4,10.6,Average,Ready,69.0
STU00089,19,Female,8.55,93.4,0,72.0,66,77.0,4,5.0,Yes,Yes,83.0,75,4,23.1,Excellent,Highly Ready,99.3
STU00623,22,Female,7.89,84.1,0,68.0,57,86.0,4,3.0,Yes,Yes,93.0,64,4,20.7,Excellent,Highly Ready,99.5
STU01040,21,Female,7.05,86.8,1,69.0,63,73.0,3,3.0,No,No,81.0,59,5,14.7,Good,Ready,79.7
STU00364,19,Male,6.37,57.6,2,28.0,41,46.0,0,0.0,No,No,40.0,15,3,6.7,Poor,Not Ready,0.5
STU00873,21,Female,6.74,70.6,1,49.0,57,72.0,0,1.0,No,No,16.0,51,3,2.8,Average,Not Ready,5.8
STU01054,21,Male,7.22,69.6,0,79.0,81,,3,1.0,No,Yes,65.0,73,7,8.0,Average,Highly Ready,97.0
STU00324,19,Male,7.63,84.7,0,56.0,68,46.0,3,2.0,No,No,62.0,56,3,12.9,Good,Ready,65.9
STU00709,23,Male,6.63,78.6,0,67.0,68,67.0,0,0.0,No,No,68.0,46,3,11.4,Average,Developing,31.9
STU00794,20,Female,7.01,72.6,0,88.0,72,44.0,1,2.0,No,No,53.0,65,2,13.7,Average,Highly Ready,83.9
STU00589,20,Male,6.72,88.0,1,73.0,59,45.0,2,5.0,No,No,62.0,60,2,18.4,Average,Developing,49.6
STU00244,24,Male,6.22,87.6,0,50.0,54,,2,3.0,No,No,75.0,31,2,19.4,Poor,Developing,39.8
STU00462,20,Female,5.69,69.6,3,51.0,44,37.0,0,0.0,No,No,60.0,26,3,10.2,Poor,Not Ready,0.7
STU00356,20,Male,7.32,69.3,0,65.0,61,69.0,2,1.0,No,No,65.0,38,1,7.6,Average,Developing,47.7
STU00363,21,Female,6.89,68.4,0,66.0,66,59.0,3,1.0,No,Yes,50.0,45,2,11.5,Average,Developing,43.2
STU00983,24,Male,6.66,56.6,0,49.0,47,63.0,1,0.0,No,No,51.0,29,1,1.0,Poor,Not Ready,9.8
STU00534,21,Male,7.17,62.4,0,57.0,69,71.0,1,0.0,Yes,Yes,51.0,36,2,5.6,Average,Ready,66.3
STU00011,22,Male,7.65,90.9,0,80.0,74,77.0,3,1.0,No,No,52.0,45,2,18.5,Good,Highly Ready,89.3
STU00585,24,Male,8.43,78.4,0,71.0,66,42.0,3,2.0,Yes,No,70.0,62,3,20.8,Excellent,Highly Ready,99.5
STU00707,19,Female,6.45,81.9,1,43.0,62,57.0,0,1.0,No,No,62.0,29,3,15.5,Average,Not Ready,3.6
STU00241,23,Male,5.42,70.7,4,51.0,48,72.0,2,1.0,No,Yes,75.0,40,2,14.3,Poor,Not Ready,11.4
STU00060,21,Female,7.03,83.1,0,58.0,79,68.0,0,1.0,No,No,54.0,47,4,1.0,Average,Ready,52.4
STU00840,21,Male,7.09,92.8,0,56.0,58,63.0,0,0.0,No,No,,43,1,14.2,Good,Developing,21.7
STU00064,20,Female,7.8,68.2,0,69.0,55,84.0,2,2.0,Yes,No,28.0,66,3,8.0,Average,Highly Ready,92.9
STU00724,24,Male,6.05,92.2,1,55.0,44,68.0,0,2.0,No,No,43.0,39,1,22.5,Poor,Not Ready,11.0
STU00711,24,Male,6.55,70.1,0,26.0,59,51.0,1,0.0,No,Yes,63.0,37,5,12.6,Poor,Not Ready,5.1
STU00721,24,Male,7.39,66.1,0,64.0,59,72.0,2,0.0,No,Yes,56.0,46,3,15.0,Average,Ready,75.3
STU00353,19,Female,6.13,75.5,0,52.0,51,36.0,1,1.0,Yes,No,56.0,38,2,13.6,Average,Developing,26.6
STU00678,20,Female,8.3,88.7,0,81.0,70,71.0,5,0.0,Yes,No,59.0,62,4,26.0,Excellent,Highly Ready,98.6
STU00507,20,Female,8.43,,0,75.0,66,60.0,5,4.0,Yes,Yes,69.0,77,5,8.6,Excellent,Highly Ready,98.4
STU01078,20,Male,10.0,96.8,0,95.0,100,50.0,10,2.0,Yes,Yes,70.0,95,6,20.3,Excellent,Highly Ready,98.6
STU00410,21,Female,5.68,68.7,2,41.0,45,84.0,0,3.0,No,No,29.0,27,1,1.0,Poor,Not Ready,0.5
STU00877,21,Female,6.89,83.4,0,45.0,64,66.0,6,1.0,Yes,Yes,62.0,64,7,14.7,Good,Highly Ready,90.6
STU01184,21,Female,7.45,76.0,0,57.0,62,66.0,2,3.0,No,Yes,63.0,48,4,12.4,Good,Ready,66.0
STU00672,20,Male,6.33,76.9,2,59.0,69,66.0,1,2.0,No,No,35.0,48,3,10.9,Poor,Not Ready,15.8
STU01150,21,Female,8.01,92.5,0,74.0,71,57.0,2,3.0,Yes,No,76.0,51,3,16.7,Excellent,Highly Ready,90.7
STU00771,20,Male,8.68,72.9,0,94.0,66,79.0,5,1.0,No,Yes,59.0,94,6,8.3,Excellent,Highly Ready,98.1
STU01138,21,Female,7.7,87.4,0,62.0,62,75.0,0,1.0,No,No,46.0,48,1,26.7,Excellent,Developing,36.0
STU00291,20,Male,6.78,74.3,0,64.0,55,54.0,1,0.0,No,Yes,66.0,44,3,9.0,Average,Not Ready,8.7
STU00448,20,Female,7.27,86.2,0,58.0,58,77.0,0,2.0,No,No,36.0,50,1,17.8,Good,Developing,49.8
STU00466,20,Male,5.86,65.6,2,44.0,61,63.0,1,1.0,Yes,Yes,83.0,30,2,5.5,Poor,Developing,19.6
STU00381,20,Male,7.75,88.0,0,66.0,65,81.0,3,2.0,No,No,53.0,50,1,20.6,Good,Ready,83.6
STU00377,21,Female,6.52,86.4,2,54.0,63,85.0,2,4.0,Yes,No,67.0,34,1,13.1,Poor,Ready,64.1
STU00322,22,Male,4.92,55.9,6,29.0,52,46.0,0,0.0,No,No,51.0,31,4,1.0,Poor,Not Ready,0.5
STU00084,19,Female,6.41,77.9,0,63.0,45,70.0,3,4.0,Yes,No,49.0,67,4,8.9,Average,Highly Ready,93.1
STU00130,23,Female,7.17,77.1,0,55.0,45,58.0,1,0.0,No,No,60.0,40,3,20.5,Good,Not Ready,4.9
STU00849,21,Female,6.03,85.2,2,47.0,52,,2,,No,No,47.0,47,1,16.1,Poor,Not Ready,7.4
STU00632,20,Male,9.15,81.8,0,100.0,93,42.0,4,4.0,Yes,Yes,85.0,73,3,13.0,Excellent,Highly Ready,99.5
STU00923,22,Male,6.58,71.1,0,60.0,48,76.0,1,1.0,No,No,57.0,49,3,7.4,Average,Not Ready,25.8
STU00454,24,Male,8.18,92.9,0,93.0,81,66.0,3,2.0,Yes,No,73.0,94,8,12.8,Excellent,Highly Ready,98.6
STU00261,24,Male,6.92,77.3,0,74.0,49,52.0,2,2.0,No,No,74.0,58,2,17.0,Good,Ready,46.7
STU00549,24,Male,7.18,,0,70.0,62,63.0,2,3.0,No,Yes,52.0,62,3,5.2,Average,Highly Ready,91.4
STU00561,20,Female,5.91,64.1,0,57.0,56,38.0,3,3.0,No,Yes,53.0,60,3,8.9,Poor,Developing,33.3
STU00901,19,Male,7.65,87.1,0,72.0,64,70.0,2,3.0,No,Yes,78.0,65,5,4.3,Good,Highly Ready,91.2
STU00965,20,Male,7.15,,0,55.0,71,66.0,0,2.0,No,Yes,78.0,34,3,18.3,Good,Developing,35.1
STU00139,21,Male,9.97,95.5,0,95.0,96,55.0,6,5.0,Yes,Yes,49.0,91,6,24.2,Excellent,Highly Ready,99.5
STU00948,20,Male,6.34,80.4,1,19.0,23,65.0,1,2.0,No,No,59.0,30,2,22.5,Poor,Not Ready,4.1
STU00142,22,Male,6.66,81.8,1,49.0,43,71.0,2,0.0,No,No,34.0,44,3,11.6,Average,Not Ready,11.6
STU00945,22,Male,6.87,69.3,0,67.0,62,75.0,2,0.0,Yes,No,61.0,41,2,3.5,Average,Highly Ready,83.5
STU00406,23,Female,7.56,79.8,0,67.0,63,80.0,3,1.0,No,No,62.0,73,2,23.3,Good,Highly Ready,78.9
STU01049,21,Male,6.36,86.4,2,37.0,49,60.0,3,2.0,No,No,58.0,40,2,12.6,Poor,Not Ready,5.6
STU00140,21,Female,9.39,75.3,0,100.0,96,88.0,1,,Yes,Yes,47.0,51,1,13.5,Excellent,Highly Ready,99.5
STU00378,20,Female,5.61,73.5,2,39.0,58,72.0,1,2.0,No,No,89.0,33,3,22.1,Poor,Not Ready,1.7
STU00860,19,Male,6.72,70.4,0,81.0,66,72.0,2,0.0,No,Yes,80.0,54,2,8.7,Average,Ready,55.6
STU00225,21,Other,7.22,70.5,1,61.0,54,59.0,3,0.0,No,No,69.0,36,2,15.3,Average,Developing,28.4
STU00472,19,Female,5.97,58.7,1,40.0,49,62.0,0,0.0,No,Yes,70.0,22,1,1.0,Poor,Not Ready,8.6
STU00275,20,Male,7.24,89.3,0,90.0,74,94.0,1,2.0,Yes,Yes,63.0,74,4,6.3,Good,Highly Ready,95.3
STU00293,20,Male,7.92,77.7,0,91.0,75,68.0,4,2.0,No,Yes,48.0,80,4,8.9,Good,Highly Ready,99.5
STU00568,20,Male,7.18,97.0,0,47.0,57,76.0,1,1.0,Yes,No,72.0,40,3,20.2,Good,Ready,78.5
STU00592,23,Female,6.25,83.1,1,62.0,61,62.0,1,1.0,Yes,No,51.0,44,1,10.6,Poor,Developing,39.0
STU00382,21,Male,7.98,83.8,1,64.0,88,53.0,3,3.0,Yes,No,66.0,67,5,16.3,Good,Highly Ready,96.5
STU01115,24,Male,12.4,86.1,0,87.0,60,83.0,3,1.0,Yes,No,58.0,61,2,20.6,Good,Highly Ready,90.9
STU00637,20,Female,7.07,77.9,0,51.0,59,44.0,1,1.0,Yes,No,50.0,47,3,15.2,Average,Developing,43.2
STU00974,21,Female,6.14,76.3,1,58.0,68,74.0,3,0.0,Yes,No,50.0,49,4,8.2,Poor,Developing,45.8
STU00772,22,Male,7.65,89.3,0,62.0,76,75.0,2,4.0,No,No,30.0,48,1,9.3,Good,Ready,81.4
STU00803,20,Female,7.94,86.3,0,67.0,62,66.0,2,2.0,No,Yes,80.0,45,2,17.8,Excellent,Highly Ready,82.4
STU00595,22,Female,5.11,69.0,5,33.0,47,53.0,0,0.0,,No,23.0,21,1,11.9,Poor,Not Ready,2.1
STU00309,21,Male,7.95,100.0,0,82.0,91,87.0,3,4.0,No,No,78.0,62,4,25.0,Excellent,Highly Ready,96.9
STU00482,20,Female,7.38,72.8,0,58.0,71,67.0,7,1.0,Yes,No,44.0,65,4,6.6,Average,Highly Ready,97.2
STU00610,20,Male,8.09,90.7,0,85.0,59,83.0,6,3.0,Yes,No,,83,6,20.1,Excellent,Highly Ready,99.5
STU00859,21,Female,5.34,75.4,3,12.0,31,69.0,0,0.0,Yes,No,52.0,5,1,10.9,Poor,Not Ready,1.7
STU00655,21,Male,7.56,88.6,0,79.0,58,61.0,1,1.0,Yes,No,48.0,71,3,11.6,Good,Ready,80.7
STU00862,23,Male,6.06,83.8,3,52.0,40,46.0,2,2.0,Yes,Yes,82.0,55,3,25.0,Poor,Developing,20.3
STU00562,22,Male,7.23,,1,62.0,77,70.0,0,3.0,No,No,49.0,47,1,19.4,Average,Developing,13.2
STU00040,21,Male,8.15,92.2,0,71.0,66,60.0,5,4.0,No,No,54.0,68,1,11.9,Excellent,Highly Ready,89.8
STU00031,21,Female,8.17,89.0,0,79.0,72,71.0,2,2.0,,Yes,56.0,63,3,12.2,Excellent,Highly Ready,92.0
STU00243,22,Male,4.96,76.0,6,41.0,23,58.0,0,1.0,No,No,61.0,17,1,4.6,Poor,Not Ready,0.5
STU00535,19,Female,5.53,76.3,4,28.0,34,53.0,0,1.0,No,No,77.0,14,1,5.1,Poor,Not Ready,0.5
STU00137,20,Female,8.28,76.0,0,62.0,79,61.0,4,4.0,No,No,65.0,62,5,25.2,Excellent,Highly Ready,87.3
STU01003,19,Male,7.02,87.5,1,52.0,56,77.0,3,0.0,No,No,68.0,47,3,13.2,Average,Developing,42.1
STU00433,21,Female,6.75,76.6,1,49.0,67,55.0,3,2.0,No,No,67.0,34,1,11.2,Average,Developing,36.1
STU00004,22,Male,8.79,73.2,0,84.0,72,69.0,3,2.0,Yes,Yes,54.0,70,4,13.4,Excellent,Highly Ready,99.5
STU00491,24,Male,7.5,61.4,0,76.0,71,52.0,1,0.0,Yes,No,48.0,63,2,16.5,Average,Highly Ready,86.0
STU00622,23,Male,7.36,83.7,0,79.0,65,59.0,2,2.0,Yes,Yes,52.0,58,4,14.9,Good,Highly Ready,99.5
STU01048,22,Male,7.9,65.4,0,56.0,57,70.0,2,1.0,Yes,No,55.0,43,3,7.5,Good,Ready,79.1
STU00414,20,Female,8.31,88.2,0,73.0,52,62.0,3,1.0,Yes,No,88.0,55,1,14.9,Excellent,Highly Ready,95.4
STU01177,22,Male,6.43,84.5,2,60.0,65,73.0,1,2.0,Yes,No,80.0,46,2,19.6,Average,Developing,43.0
STU00762,21,Male,6.92,79.5,1,55.0,68,62.0,3,2.0,No,Yes,63.0,54,3,8.3,Average,Developing,47.4
STU00486,21,Male,7.53,82.3,0,68.0,49,76.0,2,1.0,No,No,59.0,46,1,22.3,Good,Ready,58.1
STU00315,19,Male,6.96,63.8,0,60.0,64,63.0,2,0.0,No,No,48.0,45,4,8.4,Average,Developing,22.9
STU00528,21,Other,6.96,81.0,0,58.0,55,58.0,1,1.0,Yes,No,44.0,44,4,12.0,Average,Ready,65.2
STU00395,20,Male,7.49,82.3,0,70.0,70,82.0,0,4.0,No,No,56.0,40,1,18.0,Good,Ready,50.9
STU01066,22,Male,6.73,78.1,0,45.0,67,57.0,0,0.0,No,Yes,69.0,27,3,19.2,Average,Not Ready,12.8
STU00006,21,Male,5.47,76.3,4,41.0,43,73.0,0,1.0,No,No,62.0,41,3,13.9,Poor,Not Ready,0.5
STU00101,21,Male,6.24,87.3,0,56.0,52,56.0,1,2.0,Yes,No,68.0,39,2,9.9,Average,Ready,50.1
STU00658,21,Male,7.44,86.9,0,58.0,66,82.0,3,3.0,No,Yes,82.0,48,2,18.7,Good,Highly Ready,92.5
STU00524,23,Male,7.47,88.1,0,59.0,52,74.0,3,3.0,Yes,No,50.0,62,7,19.6,Good,Highly Ready,91.0
STU00498,22,Female,7.68,93.4,0,59.0,74,64.0,2,1.0,No,Yes,69.0,56,1,25.8,Excellent,Ready,79.9
STU00830,20,Female,4.09,68.0,10,17.0,13,54.0,0,0.0,No,No,,9,2,21.3,Poor,Not Ready,3.8
STU00329,20,Male,5.32,58.3,2,46.0,51,60.0,1,0.0,No,No,53.0,38,4,1.0,Poor,Not Ready,0.5
STU00431,20,Male,5.31,66.8,1,27.0,47,44.0,0,0.0,No,No,40.0,35,2,13.8,Poor,Not Ready,0.5
STU00158,20,Female,7.98,73.3,0,72.0,64,52.0,2,0.0,Yes,No,26.0,67,5,15.9,Good,Highly Ready,89.9
STU00228,22,Female,9.12,95.1,0,99.0,81,72.0,4,0.0,Yes,Yes,55.0,90,8,15.4,Excellent,Highly Ready,96.2
STU00661,20,Male,5.95,84.9,3,35.0,25,79.0,0,2.0,No,No,88.0,25,1,11.1,Poor,Not Ready,0.5
STU00542,22,Female,6.77,81.7,0,65.0,45,76.0,4,2.0,No,Yes,92.0,72,5,24.5,Average,Ready,70.2
STU00753,23,Male,4.92,62.9,6,23.0,42,31.0,0,0.0,,No,69.0,21,2,7.5,Poor,Not Ready,3.1
STU01004,19,Male,8.04,81.9,0,65.0,71,79.0,3,1.0,Yes,No,65.0,49,3,9.9,Good,Highly Ready,94.9
STU00067,20,Female,5.91,73.7,3,49.0,50,69.0,3,0.0,Yes,Yes,60.0,48,1,7.6,Poor,Developing,41.1
STU00068,20,Female,7.33,74.4,0,64.0,44,56.0,2,3.0,No,No,82.0,53,1,15.9,Average,Ready,60.3
STU01090,20,Female,5.8,74.7,0,57.0,57,63.0,1,0.0,Yes,No,51.0,33,1,1.0,Poor,Developing,23.5
STU00212,21,Male,7.03,91.7,0,63.0,57,72.0,1,2.0,No,Yes,64.0,49,1,23.2,Good,Ready,66.4
STU00013,20,Female,6.87,85.2,0,49.0,56,64.0,0,4.0,No,Yes,52.0,45,6,12.2,Average,Developing,43.6
STU00523,20,Other,7.99,76.9,0,57.0,69,76.0,1,1.0,,No,68.0,29,2,13.5,Good,Ready,66.4
STU00667,20,Female,6.34,68.3,1,41.0,51,66.0,0,1.0,No,No,52.0,35,1,5.8,Poor,Not Ready,0.5
STU00300,19,Male,7.32,76.6,1,51.0,66,52.0,1,1.0,No,No,34.0,46,2,10.8,Average,Not Ready,17.9
STU00443,21,Female,6.18,58.9,1,47.0,65,82.0,2,0.0,No,No,59.0,30,3,9.0,Poor,Not Ready,11.6
STU00778,20,Male,6.25,90.3,2,68.0,72,46.0,5,3.0,No,Yes,55.0,69,7,,Average,Highly Ready,79.5
STU01089,20,Male,7.36,87.8,0,62.0,75,65.0,2,8.0,No,No,48.0,58,4,17.8,Average,Highly Ready,86.4
STU00550,20,Male,8.14,82.6,0,81.0,73,70.0,4,1.0,Yes,No,83.0,66,2,20.4,Good,Highly Ready,95.2
STU00987,20,Male,5.28,73.3,4,56.0,38,60.0,0,3.0,No,No,48.0,38,1,17.5,Poor,Not Ready,0.5
STU01152,20,Male,7.92,90.5,0,66.0,64,56.0,3,5.0,No,Yes,76.0,69,6,17.2,Good,Highly Ready,94.1
STU00368,21,Male,5.65,75.1,3,47.0,46,71.0,0,3.0,No,No,41.0,36,1,10.8,Poor,Not Ready,3.3
STU00738,22,Male,7.06,67.0,0,57.0,62,65.0,2,0.0,No,Yes,46.0,31,1,11.3,Average,Ready,64.3
STU00631,20,Male,8.28,90.2,0,87.0,78,57.0,5,3.0,,Yes,91.0,76,7,25.8,Excellent,Highly Ready,96.9
STU01134,22,Female,8.14,84.2,0,90.0,58,57.0,5,3.0,Yes,No,66.0,85,7,7.2,Good,Highly Ready,99.0
STU00586,21,Male,9.55,86.2,0,98.0,81,83.0,5,1.0,Yes,No,41.0,70,2,26.0,Excellent,Highly Ready,97.2
STU01094,20,Male,6.75,85.3,0,63.0,52,70.0,1,0.0,No,No,84.0,50,2,13.7,Good,Developing,42.5
STU00274,21,Female,7.43,57.6,0,82.0,64,58.0,2,0.0,No,Yes,59.0,60,5,1.0,Average,Ready,74.3
STU00552,21,Female,6.3,86.1,1,61.0,49,65.0,2,,No,No,64.0,44,2,14.2,Average,Developing,28.5
STU00238,21,Female,5.84,70.5,3,43.0,43,65.0,0,0.0,No,No,23.0,36,3,1.0,Poor,Not Ready,0.5
STU01000,22,Male,7.16,79.8,0,51.0,56,73.0,2,1.0,No,Yes,67.0,55,4,9.7,Average,Developing,44.8
STU00003,21,Male,7.59,73.9,0,69.0,70,93.0,5,3.0,No,No,69.0,73,4,14.8,Good,Highly Ready,95.6
STU00007,21,Male,8.26,75.7,0,49.0,63,60.0,1,1.0,No,No,28.0,49,5,13.3,Excellent,Developing,21.9
STU00312,23,Male,7.07,91.1,0,67.0,53,54.0,1,1.0,Yes,No,26.0,59,5,9.8,Average,Ready,68.9
STU01043,22,Female,7.12,79.3,0,51.0,51,55.0,2,0.0,No,No,34.0,45,5,16.5,Average,Developing,22.7
STU00598,21,Male,7.05,65.5,0,56.0,63,67.0,2,1.0,No,Yes,,47,3,15.4,Average,Developing,50.3
STU01165,21,Male,7.37,,0,59.0,52,55.0,2,5.0,No,No,46.0,53,2,30.2,Good,Developing,41.1
STU00630,20,Female,4.66,62.1,10,30.0,53,59.0,0,0.0,No,No,87.0,15,1,13.3,Poor,Not Ready,3.6
STU00216,22,Male,7.21,71.0,0,72.0,80,66.0,2,1.0,No,No,54.0,59,6,10.7,Average,Ready,68.0
STU00399,22,Male,7.96,99.7,1,61.0,67,72.0,6,3.0,Yes,Yes,47.0,70,5,18.9,Excellent,Highly Ready,96.7
STU00028,20,Female,6.45,83.1,0,65.0,67,69.0,0,2.0,,No,25.0,40,2,8.6,Average,Developing,46.0
STU01172,20,Male,5.6,79.7,3,33.0,56,70.0,0,1.0,No,No,64.0,19,1,13.2,Poor,Not Ready,0.5
STU00391,22,Male,4.84,65.3,4,16.0,17,63.0,0,1.0,No,No,32.0,5,1,5.1,Poor,Not Ready,3.2
STU01047,21,Male,5.8,78.7,3,46.0,43,55.0,0,1.0,No,No,48.0,44,1,10.5,Poor,Not Ready,1.1
STU00802,21,Female,5.56,64.0,2,28.0,35,63.0,1,0.0,No,No,,28,3,,Poor,Not Ready,6.6
STU01035,21,Other,6.17,,1,48.0,78,39.0,0,0.0,No,No,59.0,29,4,7.0,Average,Not Ready,3.6
STU00487,20,Male,6.06,85.0,2,67.0,51,47.0,2,1.0,Yes,No,78.0,44,1,14.6,Poor,Ready,57.5
STU00755,23,Male,8.16,89.0,0,84.0,91,87.0,7,2.0,Yes,No,37.0,82,4,22.8,Excellent,Highly Ready,99.5
STU00553,20,Male,6.59,79.0,2,70.0,58,61.0,1,0.0,,No,68.0,54,4,11.6,Average,Developing,24.0
STU00355,20,Male,7.39,78.9,1,68.0,68,47.0,1,1.0,Yes,No,43.0,41,2,2.5,Average,Ready,63.6
STU01064,24,Female,7.48,86.4,0,67.0,80,54.0,2,1.0,No,Yes,32.0,49,2,14.5,Good,Ready,61.1
STU00430,19,Male,7.51,98.4,1,85.0,64,60.0,3,4.0,No,No,73.0,75,6,14.0,Good,Highly Ready,87.1
STU00257,22,Female,7.73,100.0,0,74.0,70,79.0,3,3.0,Yes,No,68.0,59,1,24.7,Excellent,Highly Ready,93.5
STU00292,22,Male,7.19,83.7,0,65.0,70,67.0,0,6.0,Yes,No,69.0,45,1,9.7,Average,Highly Ready,82.9
STU00026,19,Female,7.08,86.6,1,64.0,68,59.0,0,0.0,No,No,55.0,29,1,20.3,Good,Developing,34.5
STU00337,21,Male,6.9,82.4,0,44.0,56,39.0,0,1.0,No,No,72.0,32,1,15.4,Good,Not Ready,3.2
STU00717,20,Male,4.88,65.8,7,41.0,44,66.0,1,0.0,No,No,29.0,29,2,15.8,Poor,Not Ready,0.5
STU00048,20,Male,6.39,58.4,1,58.0,74,52.0,2,1.0,No,No,19.0,56,3,4.2,Poor,Not Ready,9.3
STU00319,22,Male,6.55,77.2,4,76.0,89,88.0,2,2.0,No,No,63.0,71,4,13.9,Poor,Developing,26.1
STU00107,19,Male,6.67,65.3,0,45.0,54,82.0,0,1.0,No,No,46.0,28,1,13.3,Average,Not Ready,16.4
STU00977,20,Female,6.95,84.9,0,75.0,81,76.0,2,5.0,No,No,84.0,54,3,17.3,Average,Highly Ready,92.8
STU00056,19,Male,6.56,70.4,0,52.0,52,42.0,0,1.0,No,No,46.0,44,2,10.6,Poor,Not Ready,13.2
STU00889,20,Male,5.52,68.8,4,33.0,48,68.0,3,0.0,No,No,49.0,38,2,20.7,Poor,Not Ready,1.7
STU00214,20,Male,6.37,84.2,0,57.0,59,56.0,1,3.0,Yes,No,41.0,63,5,28.5,Average,Ready,74.9
STU00121,19,Female,5.46,64.4,0,56.0,41,49.0,0,0.0,No,No,42.0,35,2,18.0,Poor,Not Ready,0.5
STU00582,19,Male,5.86,76.5,1,44.0,47,76.0,0,2.0,No,No,94.0,44,4,13.8,Poor,Not Ready,17.2
STU00527,21,Female,7.68,73.1,0,71.0,74,49.0,5,2.0,No,Yes,77.0,50,2,2.9,Good,Highly Ready,89.7
STU00870,20,Male,7.43,83.8,0,53.0,64,58.0,2,2.0,No,No,71.0,41,2,18.3,Good,Developing,40.5
STU00073,20,Female,5.91,56.6,1,38.0,32,61.0,0,2.0,No,No,64.0,18,1,10.1,Poor,Not Ready,3.1
STU01024,21,Male,6.65,,0,71.0,71,68.0,5,4.0,Yes,Yes,80.0,68,4,10.6,Average,Highly Ready,99.5
STU00768,19,Male,7.46,83.0,0,47.0,55,,0,0.0,No,No,61.0,35,2,10.4,Good,Not Ready,14.5
STU01132,22,Other,6.16,,0,46.0,46,58.0,1,0.0,No,No,15.0,25,1,7.4,Poor,Not Ready,3.0
STU00904,20,Female,7.81,87.7,0,62.0,86,89.0,4,5.0,Yes,Yes,74.0,61,4,,Good,Highly Ready,99.3
STU00919,20,Male,8.29,90.6,0,68.0,78,73.0,1,1.0,Yes,Yes,39.0,59,5,16.8,Excellent,Highly Ready,90.9
STU00807,20,Male,7.13,74.5,0,51.0,50,57.0,1,1.0,No,No,53.0,39,3,15.7,Average,Not Ready,13.2
STU00571,21,Male,4.62,89.7,9,21.0,36,35.0,0,1.0,No,Yes,53.0,11,2,15.5,Poor,Not Ready,0.5
STU00784,20,Male,7.34,72.1,0,56.0,65,58.0,2,2.0,Yes,Yes,54.0,38,2,11.0,Average,Highly Ready,81.9
STU00520,20,Male,6.93,74.8,0,70.0,70,62.0,4,0.0,Yes,Yes,88.0,82,8,12.3,Average,Highly Ready,99.2
STU01106,22,Male,7.41,72.0,0,60.0,59,59.0,2,3.0,Yes,No,68.0,65,2,8.2,Good,Ready,68.9
STU00326,20,Male,7.77,88.1,0,84.0,68,75.0,5,5.0,Yes,No,55.0,73,4,18.4,Good,Highly Ready,99.5
STU00530,22,Female,8.6,88.2,0,79.0,81,90.0,8,4.0,No,Yes,71.0,81,3,17.8,Excellent,Highly Ready,95.1
STU00951,19,Female,6.23,79.9,1,34.0,48,54.0,0,0.0,No,No,49.0,23,1,12.1,Average,Not Ready,0.5
STU00317,21,Male,7.24,85.0,0,73.0,44,59.0,1,2.0,Yes,Yes,70.0,45,3,10.1,Good,Highly Ready,80.2
STU00959,21,Male,7.85,77.4,0,77.0,69,,4,3.0,Yes,No,87.0,60,3,25.0,Excellent,Highly Ready,99.5
STU00991,20,Male,7.74,84.6,0,79.0,82,21.0,4,3.0,Yes,No,74.0,62,1,18.1,Good,Highly Ready,96.1
STU00546,21,Male,6.25,60.6,1,49.0,67,69.0,2,1.0,No,No,35.0,50,6,7.9,Poor,Not Ready,7.1
STU00978,22,Male,6.55,95.7,0,43.0,57,67.0,2,,Yes,No,47.0,44,4,13.6,Average,Ready,59.8
STU01038,22,Male,6.36,83.8,1,49.0,59,69.0,2,2.0,No,No,57.0,34,2,14.1,Poor,Developing,30.3
STU00459,23,Female,7.16,84.5,0,72.0,76,63.0,3,1.0,Yes,No,46.0,51,3,18.6,Good,Highly Ready,91.1
STU01170,23,Male,6.81,75.8,2,49.0,68,64.0,3,2.0,Yes,No,47.0,52,5,17.0,Poor,Ready,60.1
STU00061,21,Female,6.64,84.1,2,32.0,35,73.0,1,2.0,No,Yes,72.0,20,1,22.4,Average,Not Ready,3.5
STU00744,21,Female,4.94,56.2,3,30.0,29,39.0,1,0.0,No,No,52.0,24,1,1.0,Poor,Not Ready,3.8
STU00093,20,Female,6.15,67.4,0,53.0,56,57.0,0,1.0,No,No,34.0,24,1,14.9,Poor,Not Ready,0.5
STU00954,23,Female,5.61,70.1,1,35.0,42,67.0,0,0.0,No,No,45.0,21,2,1.1,Poor,Not Ready,3.6
STU00424,20,Male,6.49,83.1,1,42.0,37,60.0,2,1.0,No,No,68.0,32,2,17.0,Poor,Not Ready,3.2
STU00352,21,Male,5.95,68.7,1,70.0,63,76.0,3,1.0,No,No,54.0,55,4,9.1,Poor,Developing,35.3
STU01108,23,Other,6.5,69.7,2,45.0,54,54.0,2,1.0,No,No,66.0,43,2,8.4,Poor,Not Ready,12.7
STU00281,19,Male,7.35,89.1,0,79.0,63,57.0,3,3.0,,No,53.0,62,2,10.8,Good,Highly Ready,90.8
STU00301,20,Male,8.69,77.9,0,78.0,75,63.0,2,3.0,Yes,No,40.0,75,7,15.9,Excellent,Highly Ready,99.5
STU00429,21,Male,6.32,85.3,0,42.0,42,62.0,0,2.0,No,No,75.0,34,2,15.8,Average,Not Ready,13.2
STU00360,20,Female,6.73,86.6,0,48.0,56,73.0,1,2.0,No,No,74.0,45,6,15.1,Average,Not Ready,19.6
STU00705,20,Female,7.48,83.5,0,84.0,74,50.0,3,6.0,No,Yes,70.0,81,6,15.0,Good,Highly Ready,95.7
STU00574,21,Male,6.91,95.0,0,59.0,53,75.0,5,2.0,Yes,Yes,,63,4,30.6,Good,Highly Ready,94.2
STU00856,19,Male,7.24,79.2,1,58.0,43,58.0,1,0.0,No,Yes,,43,2,20.3,Good,Not Ready,13.1
STU00544,21,Female,5.7,64.2,3,48.0,67,70.0,3,0.0,No,No,49.0,41,3,1.0,Poor,Not Ready,14.3
STU01192,19,Male,8.38,88.1,0,85.0,86,65.0,5,1.0,No,Yes,47.0,70,3,13.1,Excellent,Highly Ready,96.5
STU00747,21,Male,7.64,80.6,0,77.0,81,60.0,2,1.0,Yes,Yes,66.0,59,5,13.4,Good,Highly Ready,95.2
STU00183,22,Male,6.33,78.6,2,58.0,40,66.0,2,3.0,No,No,62.0,57,5,17.0,Poor,Not Ready,17.0
STU00696,21,Female,6.07,71.9,2,35.0,54,78.0,1,,No,No,45.0,32,2,11.2,Poor,Not Ready,3.8
STU00465,21,Female,6.69,92.1,1,44.0,47,63.0,1,1.0,No,No,55.0,30,2,20.8,Average,Not Ready,7.8
STU00111,21,Other,6.98,63.5,0,55.0,61,,1,1.0,No,No,62.0,43,3,1.4,Average,Not Ready,13.7
STU00371,20,Male,6.77,77.8,0,49.0,44,60.0,2,2.0,No,No,44.0,46,5,18.3,Average,Not Ready,13.2
STU00240,21,Male,7.38,74.7,0,56.0,60,77.0,4,2.0,Yes,Yes,79.0,63,5,14.5,Good,Highly Ready,90.9
STU01058,22,Male,7.51,74.3,0,78.0,83,58.0,3,2.0,No,Yes,75.0,79,5,20.9,Good,Highly Ready,96.4
STU00650,20,Female,6.92,80.2,1,70.0,51,64.0,2,5.0,No,No,73.0,53,2,15.0,Average,Ready,55.3
STU00895,21,Male,7.23,67.2,0,65.0,49,48.0,1,1.0,No,No,45.0,58,3,16.1,Good,Developing,34.1
STU00205,21,Female,5.96,64.5,0,34.0,35,39.0,1,0.0,No,No,53.0,15,1,11.8,Poor,Not Ready,1.1
STU00932,22,Female,8.63,96.7,0,73.0,68,72.0,5,2.0,Yes,Yes,77.0,76,6,28.0,Excellent,Highly Ready,98.5
STU00262,20,Male,6.65,72.1,1,60.0,66,49.0,2,1.0,No,No,53.0,41,3,7.3,Poor,Developing,27.9
STU00514,21,Male,7.44,88.4,0,60.0,51,76.0,3,0.0,No,Yes,72.0,56,3,13.9,Good,Ready,52.6
STU00814,21,Female,5.97,79.9,0,64.0,62,56.0,3,3.0,No,No,77.0,61,3,20.6,Poor,Developing,35.9
STU00340,21,Other,8.31,78.7,0,84.0,70,76.0,2,0.0,Yes,No,55.0,52,4,22.1,Excellent,Highly Ready,99.3
STU00701,19,Male,7.71,74.6,0,73.0,74,73.0,3,2.0,No,No,53.0,55,2,6.6,Good,Ready,71.5
STU00839,20,Male,7.96,78.8,1,67.0,83,76.0,1,2.0,Yes,Yes,79.0,42,2,12.0,Good,Highly Ready,88.9
STU01080,21,Male,7.12,64.3,0,55.0,64,49.0,1,0.0,No,No,45.0,38,2,5.0,Average,Not Ready,12.8
STU00184,21,Male,7.75,88.8,0,62.0,73,48.0,4,1.0,Yes,Yes,42.0,50,3,13.5,Good,Highly Ready,96.9
STU00138,20,Male,8.14,79.5,0,66.0,61,77.0,4,4.0,No,Yes,88.0,79,6,18.0,Good,Highly Ready,94.8
STU01175,21,Male,6.14,,2,69.0,55,61.0,1,3.0,No,No,54.0,47,2,12.3,Average,Developing,26.4
STU00728,20,Male,7.58,62.6,0,62.0,76,69.0,2,0.0,No,No,68.0,53,4,12.0,Good,Ready,51.4
STU00653,23,Other,7.61,79.4,0,77.0,77,67.0,1,5.0,Yes,No,31.0,73,6,18.5,Good,Highly Ready,94.7
STU00081,21,Female,7.96,92.8,0,77.0,73,66.0,0,3.0,Yes,No,55.0,46,3,20.5,Excellent,Highly Ready,97.9
STU00529,21,Female,6.87,87.8,0,82.0,59,78.0,1,2.0,No,No,62.0,63,6,16.5,Good,Ready,66.6
STU00815,20,Male,7.51,87.0,0,56.0,56,57.0,2,5.0,No,Yes,85.0,50,5,29.6,Good,Ready,67.5
STU00850,19,Female,7.32,72.9,0,56.0,57,49.0,3,3.0,No,Yes,85.0,44,3,9.8,Good,Ready,79.5
STU00030,23,Male,7.68,75.4,0,71.0,75,72.0,2,5.0,Yes,No,55.0,72,5,28.5,Good,Highly Ready,92.6
STU00953,21,Other,6.89,72.7,1,46.0,68,70.0,3,0.0,No,No,72.0,42,1,5.4,Average,Developing,29.8
STU00166,21,Male,6.38,74.8,0,58.0,46,48.0,1,1.0,,Yes,80.0,37,2,21.1,Average,Not Ready,20.3
STU00249,21,Male,9.01,82.9,0,91.0,100,75.0,7,2.0,Yes,Yes,46.0,90,8,14.7,Excellent,Highly Ready,99.5
STU00308,21,Female,8.48,78.1,0,63.0,89,59.0,2,4.0,Yes,Yes,40.0,56,3,9.3,Excellent,Highly Ready,99.5
STU00880,20,Male,5.8,69.8,2,49.0,45,57.0,0,0.0,No,No,57.0,35,4,6.2,Poor,Not Ready,0.5
STU00934,21,Other,8.1,87.5,0,69.0,64,72.0,3,1.0,Yes,No,70.0,57,3,15.4,Good,Highly Ready,94.8
STU00347,21,Male,4.69,71.2,10,37.0,47,68.0,0,1.0,No,No,36.0,26,3,7.6,Poor,Not Ready,1.4
STU00335,20,Male,7.75,95.7,0,85.0,59,70.0,1,3.0,No,Yes,54.0,65,4,16.6,Excellent,Highly Ready,90.4
STU00286,21,Male,5.94,68.4,1,27.0,63,41.0,1,0.0,Yes,No,45.0,27,1,7.5,Poor,Not Ready,5.7
STU00979,23,Male,6.16,84.2,0,43.0,20,62.0,2,1.0,No,No,61.0,33,2,20.8,Average,Not Ready,0.5
STU00098,20,Female,6.37,59.2,0,51.0,43,34.0,0,1.0,,Yes,86.0,37,1,2.8,Poor,Not Ready,16.1
STU00558,20,Male,6.89,88.2,0,53.0,59,71.0,1,3.0,No,No,74.0,46,2,33.6,Good,Developing,31.7
STU01051,21,Female,5.79,66.6,0,46.0,43,47.0,0,,No,No,65.0,26,2,3.6,Poor,Not Ready,1.2
STU00940,20,Female,8.53,96.5,0,64.0,73,64.0,1,4.0,No,No,55.0,54,3,22.5,Excellent,Highly Ready,88.3
STU00621,19,Other,4.81,61.8,7,58.0,54,63.0,0,0.0,Yes,No,62.0,32,1,6.4,Poor,Not Ready,0.5
STU00702,21,Male,7.55,78.0,0,56.0,58,60.0,2,0.0,No,No,55.0,39,1,24.0,Good,Developing,46.0
STU01076,21,Male,5.83,48.5,0,50.0,51,74.0,0,1.0,No,No,69.0,31,4,1.0,Poor,Not Ready,2.7
STU00863,21,Female,6.82,81.2,1,57.0,63,62.0,2,2.0,No,Yes,16.0,49,3,17.3,Average,Developing,31.2
STU00779,21,Male,8.02,97.3,0,82.0,53,77.0,2,1.0,No,No,54.0,64,5,24.3,Excellent,Highly Ready,84.8
STU01073,20,Male,7.69,78.4,0,57.0,57,46.0,0,3.0,Yes,No,28.0,42,2,16.2,Good,Ready,61.4
STU00066,22,Female,7.46,89.5,0,77.0,62,43.0,4,0.0,Yes,Yes,69.0,56,4,16.7,Good,Highly Ready,92.1
STU01118,21,Female,7.0,87.1,0,59.0,61,61.0,1,5.0,No,No,64.0,53,3,16.1,Average,Ready,62.2
STU00765,20,Male,6.33,72.8,1,52.0,70,56.0,2,1.0,Yes,No,55.0,40,3,7.6,Poor,Ready,58.1
STU00997,21,Female,7.88,74.7,0,72.0,76,73.0,4,1.0,Yes,Yes,75.0,51,1,17.6,Good,Highly Ready,99.5
STU01098,24,Female,7.08,77.8,0,61.0,61,61.0,1,3.0,Yes,No,64.0,55,3,7.7,Good,Ready,76.1
STU01113,23,Female,6.82,83.7,0,52.0,36,68.0,2,2.0,No,No,68.0,36,1,27.3,Average,Developing,34.4
STU00303,22,Female,7.8,89.1,0,72.0,71,69.0,4,5.0,Yes,No,20.0,68,4,25.3,Good,Highly Ready,96.7
STU00255,21,Male,7.79,90.2,1,65.0,66,69.0,1,0.0,No,No,61.0,38,2,23.6,Good,Developing,34.3
STU00988,20,Female,7.38,68.6,1,51.0,67,,2,4.0,Yes,Yes,50.0,52,5,,Average,Ready,71.0
STU00960,20,Female,8.78,72.4,0,61.0,60,62.0,0,1.0,Yes,No,52.0,27,1,8.5,Excellent,Ready,60.9
STU00313,20,Female,8.66,98.1,0,89.0,69,67.0,5,3.0,Yes,No,52.0,79,4,10.4,Excellent,Highly Ready,97.3
STU00554,22,Female,7.59,75.7,0,74.0,87,51.0,4,2.0,No,Yes,45.0,70,6,12.4,Good,Highly Ready,96.2
STU00222,21,Male,7.11,76.8,0,53.0,47,60.0,1,1.0,No,No,66.0,38,1,5.6,Average,Developing,40.1
STU00478,21,Male,6.3,75.4,3,58.0,51,54.0,1,1.0,No,No,46.0,44,2,10.7,Poor,Not Ready,11.3
STU00389,20,Male,5.58,64.4,1,45.0,58,62.0,1,1.0,No,No,37.0,33,2,9.3,Poor,Not Ready,0.5
STU00236,22,Male,6.68,61.1,0,59.0,52,72.0,2,1.0,No,Yes,67.0,45,2,9.1,Poor,Developing,49.5
STU00833,20,Female,7.09,79.2,0,41.0,46,69.0,2,1.0,Yes,No,50.0,25,1,14.5,Average,Developing,28.7
STU01088,21,Male,7.1,92.4,0,42.0,47,72.0,0,1.0,No,No,36.0,32,2,27.9,Good,Not Ready,0.6
STU00760,20,Male,6.85,78.4,1,61.0,68,58.0,0,0.0,No,No,53.0,43,2,1.4,Average,Not Ready,12.2
STU00306,22,Female,6.48,72.5,0,41.0,54,58.0,2,3.0,No,No,58.0,36,1,13.7,Poor,Not Ready,10.6
STU01125,20,Male,6.05,77.6,1,48.0,43,68.0,1,0.0,No,No,29.0,38,3,4.0,Poor,Not Ready,2.8
STU00573,21,Male,6.65,71.4,0,50.0,64,39.0,1,1.0,No,Yes,54.0,42,3,12.9,Average,Developing,21.3
STU00964,19,Male,6.92,78.1,0,60.0,65,79.0,2,0.0,No,Yes,52.0,41,2,26.3,Average,Ready,62.6
STU00944,19,Male,7.69,88.7,1,66.0,72,80.0,5,1.0,Yes,Yes,82.0,58,4,14.1,Good,Highly Ready,94.7
STU01153,21,Male,7.51,84.5,0,67.0,73,83.0,2,0.0,Yes,No,66.0,40,3,16.9,Good,Highly Ready,86.7
STU00250,22,Male,5.5,77.6,1,44.0,47,45.0,0,1.0,No,No,37.0,21,1,11.5,Poor,Not Ready,1.2
STU00781,21,Male,6.97,81.2,0,51.0,68,64.0,0,1.0,No,No,66.0,45,3,8.8,Average,Developing,32.4
STU00614,22,Female,7.23,79.6,0,45.0,77,57.0,1,4.0,Yes,Yes,48.0,45,6,11.3,Good,Ready,83.0
STU00072,21,Male,6.84,90.5,0,43.0,51,60.0,2,2.0,No,No,44.0,40,5,25.9,Good,Developing,25.9
STU00095,21,Male,5.28,78.0,4,49.0,42,61.0,0,1.0,No,No,48.0,38,1,13.6,Poor,Not Ready,2.5
STU00674,21,Male,5.86,59.9,3,34.0,43,62.0,0,1.0,No,Yes,66.0,25,1,12.1,Poor,Not Ready,2.6
STU00034,20,Male,6.78,85.3,1,48.0,60,44.0,1,3.0,No,No,35.0,43,3,15.9,Average,Not Ready,8.6
STU00790,20,Male,6.78,75.9,1,35.0,50,84.0,0,1.0,No,No,46.0,36,3,9.1,Average,Not Ready,6.4
STU00449,21,Female,8.24,77.6,0,91.0,48,68.0,2,0.0,No,Yes,70.0,59,5,10.3,Excellent,Highly Ready,88.7
STU00446,20,Male,5.91,80.5,3,41.0,44,70.0,1,2.0,No,No,70.0,33,1,19.9,Poor,Not Ready,9.6
STU00847,22,Male,10.0,82.6,1,100.0,91,43.0,4,5.0,Yes,No,48.0,91,7,14.2,Excellent,Highly Ready,99.5
STU00719,19,Male,6.88,81.0,0,41.0,71,50.0,3,0.0,No,No,52.0,31,2,11.5,Good,Developing,39.9
STU01156,19,Female,6.44,60.1,0,48.0,38,,0,1.0,No,Yes,44.0,26,2,9.9,Poor,Not Ready,2.1
STU00078,23,Male,7.87,93.1,0,53.0,59,71.0,2,2.0,Yes,Yes,44.0,51,4,22.6,Good,Highly Ready,89.3
STU00085,23,Male,5.43,83.2,2,51.0,44,76.0,0,0.0,No,No,71.0,18,1,21.9,Poor,Not Ready,3.3
STU01082,19,Female,6.44,76.4,0,62.0,62,73.0,2,1.0,No,No,67.0,43,1,17.6,Average,Ready,69.5
STU00083,21,Female,5.39,59.0,2,37.0,39,66.0,0,0.0,No,No,71.0,29,3,3.6,Poor,Not Ready,2.1
STU00458,19,Female,6.46,67.5,1,38.0,52,66.0,0,0.0,No,No,62.0,25,3,1.0,Poor,Not Ready,10.3
STU00758,19,Male,7.38,83.2,0,60.0,66,62.0,0,0.0,No,No,67.0,32,1,4.5,Average,Not Ready,16.3
STU00437,19,Male,6.37,59.9,0,37.0,49,47.0,0,0.0,No,No,53.0,33,4,8.4,Poor,Not Ready,3.8
STU01079,22,Female,6.31,65.3,0,60.0,50,45.0,3,1.0,Yes,No,33.0,52,3,18.6,Average,Ready,71.6
STU00917,21,Female,8.6,63.9,0,73.0,66,76.0,3,3.0,,Yes,59.0,65,3,8.0,Good,Highly Ready,94.0
STU00405,22,Female,8.65,80.1,0,66.0,66,83.0,3,2.0,Yes,No,57.0,60,3,13.9,Excellent,Highly Ready,97.0
STU01059,21,Male,7.85,83.7,0,53.0,49,85.0,1,2.0,No,No,69.0,46,3,24.5,Excellent,Developing,32.3
STU00627,20,Male,6.83,81.5,0,73.0,62,72.0,2,1.0,No,No,49.0,63,2,17.0,Average,Ready,79.0
STU00669,20,Female,6.69,80.7,1,73.0,45,73.0,0,0.0,No,No,53.0,42,3,10.7,Average,Not Ready,9.3
STU00105,20,Male,6.94,73.6,0,42.0,46,43.0,0,0.0,No,No,52.0,33,1,4.6,Average,Not Ready,3.7
STU00555,20,Female,7.54,86.1,0,71.0,65,63.0,7,2.0,Yes,Yes,56.0,83,5,16.3,Good,Highly Ready,94.8
STU01151,20,Male,7.26,83.1,0,64.0,56,59.0,3,1.0,No,Yes,60.0,50,3,17.4,Good,Ready,80.0
STU00063,20,Other,7.17,79.1,0,65.0,62,63.0,2,1.0,No,No,74.0,53,4,22.9,Good,Ready,47.4
STU00282,20,Female,6.36,80.7,0,41.0,33,80.0,1,4.0,No,Yes,71.0,31,1,23.8,Average,Not Ready,5.7
STU00683,20,Male,7.45,88.4,0,74.0,81,70.0,2,0.0,No,Yes,55.0,58,4,16.9,Good,Highly Ready,82.8
STU00239,20,Female,5.95,76.1,0,35.0,42,51.0,1,0.0,No,No,54.0,37,1,,Poor,Not Ready,0.5
STU00224,21,Male,6.35,99.2,0,48.0,57,62.0,1,2.0,No,No,37.0,30,1,30.0,Good,Developing,27.0
STU00146,23,Female,7.61,89.0,0,59.0,62,58.0,2,4.0,Yes,No,66.0,55,3,29.0,Excellent,Highly Ready,88.7
STU01133,21,Female,6.62,88.9,2,49.0,50,62.0,2,3.0,No,Yes,62.0,40,1,13.0,Average,Developing,25.0
STU00374,23,Female,7.3,93.2,0,57.0,71,67.0,3,,No,Yes,81.0,58,5,10.7,Good,Ready,79.5
STU00119,21,Female,7.1,67.4,0,64.0,74,63.0,5,0.0,Yes,Yes,54.0,68,5,4.5,Average,Highly Ready,98.6
STU00826,22,Female,6.51,61.5,0,24.0,39,60.0,0,0.0,No,No,59.0,9,1,7.9,Average,Not Ready,0.5
STU00251,21,Male,6.61,64.3,1,58.0,54,57.0,5,2.0,No,Yes,96.0,55,5,5.4,Poor,Ready,62.7
STU01171,21,Female,5.9,72.4,0,55.0,30,77.0,0,0.0,No,No,45.0,36,4,7.3,Poor,Not Ready,1.1
STU00010,21,Male,6.87,70.5,1,68.0,49,57.0,2,1.0,No,No,79.0,46,3,15.2,Average,Not Ready,12.1
STU00450,21,Female,7.4,69.5,0,79.0,52,82.0,2,1.0,No,Yes,49.0,65,3,9.9,Average,Highly Ready,93.0
STU00900,21,Male,6.68,88.0,1,45.0,53,78.0,2,4.0,No,No,51.0,36,2,28.6,Average,Developing,41.6
STU00390,19,Female,5.91,71.5,2,52.0,48,69.0,1,,No,No,51.0,45,2,5.8,Poor,Not Ready,6.2
STU00645,21,Female,7.31,72.7,0,50.0,44,69.0,0,0.0,No,No,43.0,34,2,6.7,Good,Not Ready,10.3
STU00928,23,Male,7.7,79.0,1,50.0,67,43.0,2,5.0,No,No,47.0,43,2,11.8,Good,Developing,42.7
STU00461,21,Male,8.36,98.6,0,69.0,78,64.0,0,7.0,No,No,63.0,57,3,28.4,Excellent,Highly Ready,80.4
STU01119,22,Male,7.97,98.5,0,67.0,71,54.0,3,5.0,No,No,52.0,66,4,,Excellent,Ready,64.6
STU00145,20,Female,6.9,82.5,0,50.0,45,48.0,1,0.0,No,No,33.0,28,1,12.1,Average,Not Ready,8.7
STU00502,22,Male,7.23,86.6,0,74.0,54,48.0,4,0.0,Yes,No,83.0,54,3,19.5,Good,Highly Ready,95.0
STU01122,20,Male,8.16,99.6,0,54.0,70,72.0,2,2.0,No,No,72.0,45,5,15.1,Excellent,Ready,74.7
STU00540,21,Male,7.02,79.7,0,55.0,52,50.0,2,2.0,Yes,No,,44,2,19.0,Average,Ready,65.8
STU00178,20,Male,7.07,76.2,0,60.0,64,64.0,3,2.0,No,Yes,47.0,48,1,14.6,Good,Ready,77.4
STU01173,21,Female,6.23,76.8,0,46.0,52,80.0,2,0.0,Yes,No,48.0,38,3,20.2,Average,Developing,41.2
STU00975,20,Male,6.72,73.2,1,49.0,50,84.0,1,2.0,No,No,63.0,36,1,19.9,Average,Not Ready,19.3
STU00603,21,Male,8.5,70.7,0,64.0,75,67.0,1,0.0,Yes,No,29.0,42,3,16.7,Excellent,Highly Ready,82.0
STU00169,22,Female,7.52,85.5,0,43.0,61,53.0,4,3.0,Yes,Yes,63.0,49,4,12.5,Good,Highly Ready,95.1
STU00008,20,Male,6.56,75.9,1,37.0,45,85.0,0,1.0,No,No,39.0,29,3,9.0,Poor,Not Ready,4.5
STU00844,21,Male,6.53,80.0,1,60.0,50,80.0,3,2.0,Yes,Yes,78.0,56,3,9.5,Average,Highly Ready,82.0
STU00869,20,Female,6.95,78.7,1,50.0,44,53.0,2,3.0,No,No,61.0,36,2,23.7,Average,Developing,47.3
STU00358,22,Male,7.48,79.8,0,69.0,68,34.0,2,1.0,Yes,Yes,71.0,56,4,,Good,Highly Ready,76.7
STU00330,20,Female,6.82,85.1,0,54.0,49,81.0,0,2.0,No,No,94.0,45,4,20.6,Average,Developing,26.6
STU01109,21,Male,8.03,91.4,0,80.0,82,77.0,3,4.0,No,Yes,56.0,79,4,18.8,Excellent,Highly Ready,99.5
STU00886,20,Male,8.08,84.7,0,62.0,58,83.0,0,2.0,No,No,36.0,46,4,17.9,Excellent,Ready,50.7
STU00259,20,Male,7.15,90.2,0,74.0,76,97.0,9,3.0,No,Yes,75.0,83,3,17.6,Good,Highly Ready,95.8
STU00894,20,Male,7.67,91.8,0,61.0,63,,1,1.0,No,No,54.0,51,2,23.4,Good,Developing,40.8
STU00918,21,Male,7.9,88.4,0,64.0,73,45.0,3,1.0,No,No,44.0,49,1,14.8,Excellent,Ready,70.5
STU00797,20,Male,7.0,94.1,0,100.0,74,69.0,1,0.0,No,No,49.0,75,5,14.8,Average,Highly Ready,84.2
STU00827,21,Male,7.58,93.4,0,56.0,68,66.0,1,2.0,No,No,91.0,38,3,14.8,Good,Developing,46.5
STU00853,20,Female,8.36,86.7,0,92.0,87,63.0,4,4.0,No,Yes,53.0,76,3,18.2,Excellent,Highly Ready,99.5
STU00526,22,Male,6.53,80.4,0,49.0,57,38.0,2,2.0,Yes,Yes,57.0,41,2,9.6,Average,Developing,28.3
STU00837,21,Female,6.18,85.7,0,48.0,61,75.0,0,1.0,Yes,No,41.0,47,4,11.0,Average,Developing,32.9
STU00679,21,Female,8.14,74.8,0,72.0,61,83.0,3,1.0,No,Yes,77.0,55,4,24.9,Excellent,Highly Ready,86.9
STU00773,22,Female,6.9,74.1,0,59.0,61,56.0,4,0.0,Yes,Yes,70.0,63,2,14.9,Average,Highly Ready,88.0
STU01180,20,Female,7.33,85.2,0,68.0,61,49.0,0,0.0,No,No,62.0,38,2,14.3,Good,Developing,27.1
STU00441,20,Male,5.94,65.6,3,37.0,47,72.0,1,0.0,No,Yes,76.0,28,3,4.2,Poor,Not Ready,0.5
STU00532,20,Male,5.89,81.4,0,40.0,43,55.0,0,3.0,No,No,37.0,32,2,16.0,Poor,Not Ready,3.1
STU00989,19,Male,7.79,100.0,0,74.0,81,84.0,4,2.0,No,No,100.0,80,5,25.7,Excellent,Highly Ready,93.6
STU00229,22,Male,6.4,83.6,0,55.0,48,78.0,0,2.0,No,No,76.0,38,1,14.9,Average,Developing,23.4
STU01055,21,Male,7.22,76.8,1,59.0,45,,0,4.0,No,No,54.0,42,1,,Good,Not Ready,14.7
STU00213,21,Female,6.57,73.8,1,55.0,54,55.0,1,1.0,No,No,66.0,45,4,4.7,Average,Not Ready,6.5
STU00080,21,Female,6.16,81.1,1,46.0,46,,0,1.0,No,No,67.0,33,3,11.3,Average,Not Ready,3.4
STU00149,23,Male,7.79,82.7,0,69.0,75,62.0,4,3.0,Yes,No,62.0,65,4,16.9,Good,Highly Ready,97.9
STU00611,21,Female,4.42,67.3,10,44.0,45,33.0,1,0.0,No,No,48.0,32,2,3.7,Poor,Not Ready,0.5
STU00729,19,Female,6.04,94.6,0,33.0,50,67.0,2,0.0,No,No,45.0,34,3,21.0,Average,Not Ready,7.4
STU00937,21,Male,6.53,69.8,0,56.0,49,46.0,2,0.0,No,Yes,97.0,43,3,12.8,Poor,Developing,33.8
STU00134,20,Male,7.14,82.6,0,75.0,60,62.0,1,4.0,Yes,No,53.0,61,1,15.8,Good,Highly Ready,83.7
STU00804,21,Female,7.07,85.6,1,65.0,55,67.0,4,1.0,Yes,Yes,75.0,45,4,10.8,Good,Highly Ready,91.6
STU00409,22,Male,4.97,72.0,2,31.0,47,49.0,1,1.0,No,No,57.0,26,1,12.1,Poor,Not Ready,0.7
STU00693,24,Female,6.72,68.7,1,72.0,70,69.0,0,2.0,No,No,64.0,45,2,10.6,Poor,Ready,55.0
STU00508,19,Male,7.55,,0,63.0,60,68.0,4,2.0,No,Yes,56.0,55,3,14.7,Good,Highly Ready,80.7
STU00903,19,Male,6.95,76.1,0,38.0,44,38.0,0,1.0,No,Yes,41.0,23,2,10.0,Average,Not Ready,7.3
STU00505,21,Female,5.69,80.1,0,5.0,47,60.0,0,1.0,No,No,50.0,5,1,11.8,Poor,Not Ready,0.5
STU00695,22,Female,6.56,78.5,0,50.0,47,49.0,0,2.0,No,No,54.0,35,3,9.8,Average,Not Ready,2.1
STU00348,20,Male,6.82,61.6,1,71.0,45,80.0,1,0.0,No,No,,53,3,,Average,Not Ready,17.3
STU00387,21,Male,6.47,57.9,1,35.0,63,77.0,1,0.0,No,No,47.0,33,3,1.0,Poor,Not Ready,5.9
STU00001,21,Male,6.55,68.9,0,70.0,65,65.0,3,0.0,No,No,48.0,55,3,15.7,Average,Developing,48.8
STU00361,19,Male,6.14,76.6,1,50.0,79,64.0,2,4.0,No,No,49.0,48,4,6.5,Poor,Not Ready,13.1
STU01148,22,Male,6.58,75.4,0,45.0,52,62.0,1,0.0,No,No,47.0,33,2,14.8,Poor,Not Ready,11.6
STU00476,21,Male,5.49,65.5,3,41.0,46,54.0,0,1.0,No,No,58.0,34,3,1.1,Poor,Not Ready,1.1
STU00799,22,Male,7.29,82.8,0,79.0,76,64.0,1,0.0,No,Yes,62.0,56,1,8.2,Average,Highly Ready,78.1
STU00775,20,Female,6.66,66.7,0,55.0,68,72.0,3,1.0,Yes,No,67.0,42,1,4.6,Poor,Ready,76.0
STU00173,20,Male,6.82,82.8,2,53.0,66,,1,3.0,No,Yes,78.0,43,3,24.7,Average,Developing,20.7
STU00451,21,Male,6.97,79.6,0,44.0,56,75.0,1,2.0,No,No,30.0,41,2,11.0,Average,Not Ready,11.7
STU00126,21,Male,7.38,80.2,0,71.0,80,69.0,1,3.0,No,No,62.0,59,4,16.7,Good,Ready,80.7
STU01041,21,Male,6.69,78.7,1,51.0,55,63.0,6,5.0,Yes,No,54.0,62,4,20.5,Average,Highly Ready,93.8
STU00531,21,Female,6.41,76.0,0,63.0,68,61.0,0,2.0,No,No,58.0,38,1,15.5,Average,Developing,42.3
STU00091,21,Male,7.84,,0,63.0,70,81.0,1,6.0,Yes,No,44.0,56,4,20.8,Excellent,Highly Ready,94.6
STU01176,21,Male,4.98,60.8,5,41.0,21,58.0,0,1.0,No,No,30.0,20,1,1.0,Poor,Not Ready,0.5
STU00182,21,Female,5.95,55.2,0,56.0,40,70.0,0,0.0,No,No,62.0,50,3,1.0,Poor,Not Ready,4.4
STU00680,23,Female,5.72,60.8,0,43.0,51,86.0,1,0.0,No,No,51.0,32,3,10.2,Poor,Not Ready,1.7
STU00415,21,Male,6.62,75.8,1,49.0,39,49.0,1,0.0,No,No,46.0,33,1,16.6,Average,Not Ready,0.9
STU00252,21,Female,7.29,81.0,0,54.0,56,67.0,2,2.0,Yes,No,63.0,55,3,24.4,Good,Ready,52.2
STU00070,20,Male,7.46,82.5,0,42.0,70,57.0,0,0.0,No,No,70.0,42,4,19.4,Good,Not Ready,3.8
STU00132,22,Female,5.29,71.7,3,32.0,48,63.0,0,1.0,No,No,67.0,28,2,10.1,Poor,Not Ready,0.5
STU00301,20,Male,8.69,77.9,0,78.0,75,63.0,2,3.0,Yes,No,40.0,75,7,15.9,Excellent,Highly Ready,99.5
STU00268,24,Male,6.66,71.0,1,54.0,66,68.0,1,0.0,No,No,58.0,42,5,2.9,Poor,Developing,18.4
STU00327,21,Male,6.07,77.6,0,38.0,42,89.0,1,3.0,No,No,63.0,32,2,20.9,Poor,Not Ready,24.4
STU01189,22,Male,8.28,91.7,1,76.0,67,60.0,6,2.0,Yes,Yes,56.0,68,3,19.2,Excellent,Highly Ready,96.7
STU00500,22,Male,5.14,78.6,5,58.0,36,59.0,0,2.0,No,No,42.0,40,4,8.8,Poor,Not Ready,4.4
STU00890,21,Male,5.27,72.8,1,41.0,34,50.0,0,0.0,No,No,62.0,22,1,,Poor,Not Ready,0.8
STU00946,23,Female,7.06,70.5,0,54.0,69,45.0,4,1.0,No,Yes,71.0,44,3,11.7,Average,Ready,71.5
STU00496,21,Male,7.13,76.9,0,74.0,76,54.0,5,1.0,Yes,No,53.0,54,1,15.2,Average,Highly Ready,92.1
STU00339,23,Other,7.54,77.0,0,77.0,73,64.0,1,0.0,No,Yes,73.0,51,1,7.0,Good,Ready,69.3
STU00993,19,Male,8.51,75.4,0,72.0,78,67.0,2,3.0,Yes,Yes,90.0,75,5,9.1,Excellent,Highly Ready,97.0
STU00165,20,Male,7.36,84.0,0,58.0,82,72.0,1,2.0,Yes,No,68.0,46,4,14.4,Good,Highly Ready,91.5
STU00029,20,Male,7.52,81.3,0,60.0,59,65.0,5,2.0,Yes,Yes,61.0,62,3,17.8,Good,Highly Ready,97.2
STU00517,20,Male,7.18,73.5,1,78.0,60,46.0,2,0.0,Yes,No,64.0,57,3,12.1,Average,Ready,56.8
STU00194,22,Female,8.93,76.4,0,81.0,76,67.0,2,1.0,No,Yes,89.0,58,4,21.0,Excellent,Highly Ready,99.5
STU01086,22,Female,6.36,83.7,0,73.0,56,51.0,1,1.0,,No,51.0,52,3,14.9,Average,Ready,75.2
STU00970,22,Male,6.68,,0,53.0,68,63.0,1,0.0,Yes,No,84.0,39,4,15.2,Average,Developing,35.3
STU00170,23,Female,7.13,81.4,0,63.0,74,43.0,6,1.0,Yes,Yes,68.0,61,3,19.6,Good,Highly Ready,91.4
STU00731,23,Male,6.1,51.6,2,57.0,44,35.0,1,0.0,Yes,No,44.0,34,3,1.0,Poor,Not Ready,4.8
STU00174,23,Male,5.16,66.4,10,30.0,57,67.0,0,0.0,No,No,55.0,27,1,10.1,Poor,Not Ready,0.5
STU00519,21,Male,6.6,89.8,0,64.0,60,73.0,3,7.0,Yes,No,78.0,52,3,16.9,Average,Highly Ready,96.0
STU00947,19,Male,7.11,73.1,0,62.0,66,53.0,1,2.0,Yes,Yes,70.0,47,4,9.7,Average,Ready,75.3
STU00723,21,Male,4.25,63.5,10,12.0,10,68.0,0,1.0,No,No,26.0,16,1,1.0,Poor,Not Ready,1.9
STU00492,20,Male,6.72,70.0,1,56.0,68,69.0,0,0.0,No,No,57.0,31,2,6.9,Poor,Not Ready,5.6
STU00074,21,Male,7.17,85.9,0,58.0,73,59.0,6,3.0,Yes,No,76.0,77,7,10.7,Average,Highly Ready,98.7
STU01011,21,Female,6.64,78.7,0,26.0,52,92.0,2,1.0,No,No,64.0,29,3,20.7,Average,Not Ready,4.1
STU00588,19,Female,5.03,67.5,2,50.0,45,44.0,0,1.0,No,No,34.0,40,4,6.3,Poor,Not Ready,6.9
STU00235,20,Female,6.36,83.2,0,55.0,57,70.0,1,3.0,No,No,51.0,35,1,13.7,Average,Developing,31.1
STU00215,21,Female,7.95,,0,62.0,72,54.0,2,2.0,No,No,53.0,69,4,27.1,Good,Highly Ready,88.8
STU01187,22,Male,6.95,64.9,0,44.0,58,83.0,0,0.0,No,No,65.0,22,1,7.0,Average,Not Ready,0.5
STU00133,19,Female,8.12,96.3,0,69.0,70,63.0,2,4.0,No,No,43.0,61,3,15.3,Excellent,Highly Ready,92.8
STU00938,23,Female,7.94,91.3,0,65.0,71,82.0,1,3.0,No,No,73.0,50,1,20.7,Good,Highly Ready,89.3
STU00754,21,Male,7.58,68.2,1,77.0,72,76.0,3,3.0,Yes,Yes,40.0,54,3,13.6,Average,Highly Ready,99.5
STU00969,19,Male,7.92,69.3,0,67.0,69,79.0,2,2.0,Yes,No,64.0,61,4,8.8,Good,Highly Ready,98.2
STU00186,21,Male,8.12,76.0,0,70.0,77,62.0,1,1.0,No,No,59.0,51,2,14.3,Good,Ready,72.0
STU00042,21,Female,6.74,72.8,0,72.0,58,55.0,2,0.0,Yes,Yes,42.0,49,1,11.1,Average,Ready,72.8
STU00109,21,Female,6.87,74.0,0,58.0,74,61.0,0,0.0,No,No,38.0,41,4,1.0,Average,Not Ready,5.3
STU00874,22,Female,6.09,74.6,0,41.0,55,51.0,2,1.0,No,Yes,49.0,35,3,7.5,Poor,Not Ready,11.3
STU00569,20,Female,6.77,81.2,0,47.0,59,81.0,2,1.0,No,No,51.0,42,4,5.9,Average,Developing,39.7
STU00671,20,Female,7.92,90.5,0,85.0,67,47.0,4,6.0,Yes,No,76.0,69,1,13.5,Good,Highly Ready,99.2
STU01028,23,Male,7.2,82.0,0,56.0,75,72.0,1,0.0,No,No,60.0,50,2,3.6,Average,Developing,35.6
STU01169,20,Male,6.79,79.4,1,53.0,37,69.0,0,0.0,No,Yes,61.0,43,2,9.3,Average,Not Ready,13.4
STU00484,22,Male,7.68,82.7,0,74.0,79,67.0,2,0.0,Yes,No,72.0,70,7,17.9,Excellent,Highly Ready,99.5
STU00469,19,Male,8.07,89.7,0,70.0,79,74.0,3,2.0,Yes,Yes,82.0,61,3,16.6,Excellent,Highly Ready,99.0
STU00025,20,Female,6.37,66.4,0,55.0,90,54.0,1,0.0,Yes,No,34.0,45,1,9.7,Poor,Ready,56.6
STU01074,21,Female,6.06,86.4,3,49.0,28,60.0,2,3.0,Yes,No,37.0,38,2,17.5,Poor,Not Ready,12.0
STU00905,21,Male,6.35,77.9,1,56.0,58,49.0,1,2.0,Yes,No,16.0,31,1,14.2,Average,Developing,30.3
STU00823,21,Female,6.01,77.2,1,38.0,51,76.0,0,0.0,No,No,44.0,20,1,14.0,Poor,Not Ready,0.5
STU01160,20,Female,7.35,77.1,0,57.0,50,65.0,2,5.0,No,No,57.0,59,1,29.5,Good,Ready,60.5
STU00367,20,Male,5.69,75.2,1,14.0,42,66.0,0,,No,No,28.0,16,2,3.8,Poor,Not Ready,0.5
STU01036,22,Male,6.02,64.2,0,43.0,72,34.0,0,0.0,No,No,70.0,39,3,14.9,Poor,Not Ready,3.4
STU01067,21,Male,6.0,81.6,2,50.0,67,61.0,0,0.0,No,No,73.0,33,3,14.2,Poor,Not Ready,2.8
STU00384,22,Male,5.68,83.3,3,25.0,38,52.0,0,1.0,No,No,57.0,14,1,12.5,Poor,Not Ready,0.5
STU00455,20,Female,7.27,86.4,0,54.0,50,60.0,0,2.0,,Yes,65.0,55,3,,Good,Not Ready,12.5
STU00265,22,Male,8.06,92.0,0,79.0,76,52.0,3,3.0,,No,64.0,57,2,,Excellent,Highly Ready,99.5
STU00782,20,Female,5.93,70.2,1,42.0,59,66.0,1,2.0,No,No,44.0,35,2,8.4,Poor,Not Ready,16.9
STU01010,22,Male,7.57,64.6,0,58.0,61,56.0,3,1.0,No,No,59.0,57,3,16.1,Good,Developing,46.9
STU00445,24,Male,6.03,57.2,0,47.0,62,49.0,0,1.0,No,No,40.0,27,2,14.3,Poor,Not Ready,5.4
STU00396,21,Male,7.5,79.8,0,67.0,58,57.0,2,2.0,No,Yes,59.0,47,1,22.0,Excellent,Ready,69.2
STU00763,22,Female,8.18,75.6,0,64.0,85,85.0,2,4.0,Yes,No,29.0,56,3,15.6,Excellent,Highly Ready,94.2
STU00177,21,Male,8.11,93.9,1,70.0,86,66.0,1,0.0,,No,61.0,43,3,15.0,Excellent,Ready,80.7
STU00019,21,Male,6.92,58.8,1,81.0,82,58.0,1,0.0,No,Yes,61.0,46,2,10.9,Average,Ready,78.5
STU00848,21,Male,8.08,93.5,0,91.0,62,48.0,2,1.0,Yes,No,46.0,62,3,20.8,Excellent,Highly Ready,98.3
STU00838,21,Male,9.24,80.4,0,72.0,64,76.0,0,2.0,No,No,57.0,50,2,20.3,Excellent,Highly Ready,93.8
STU00596,24,Male,7.21,78.1,0,27.0,43,89.0,0,0.0,No,No,44.0,21,1,9.0,Good,Not Ready,5.1
STU00062,21,Female,6.36,77.1,0,47.0,54,42.0,2,1.0,No,Yes,79.0,35,1,14.2,Average,Not Ready,9.2
STU00273,20,Male,8.18,78.3,0,73.0,61,54.0,5,0.0,No,No,58.0,68,3,14.9,Excellent,Highly Ready,93.1
STU01140,20,Female,7.59,90.7,1,66.0,55,51.0,3,3.0,No,No,46.0,65,6,28.4,Excellent,Developing,40.2
STU00279,21,Male,8.08,74.9,0,73.0,85,57.0,2,1.0,,Yes,71.0,68,6,15.0,Excellent,Highly Ready,98.8
STU00866,19,Male,6.95,81.8,1,60.0,61,56.0,1,4.0,Yes,Yes,80.0,56,4,10.2,Average,Ready,75.6
STU00369,21,Male,7.9,93.9,0,85.0,60,68.0,3,3.0,Yes,Yes,78.0,71,2,14.5,Excellent,Highly Ready,96.4
STU00913,21,Male,7.59,84.5,1,77.0,68,59.0,3,0.0,No,Yes,61.0,75,6,23.5,Good,Ready,69.9
STU00843,21,Other,9.89,88.9,0,97.0,87,85.0,7,2.0,Yes,Yes,73.0,88,5,29.0,Excellent,Highly Ready,97.8
STU00885,20,Male,6.9,80.7,0,42.0,40,69.0,3,1.0,No,No,70.0,22,1,19.2,Average,Not Ready,11.9
STU00742,19,Female,7.68,72.2,0,80.0,62,58.0,1,1.0,Yes,No,33.0,64,3,13.0,Good,Highly Ready,81.2
STU01100,22,Male,7.75,89.4,0,57.0,70,66.0,4,1.0,,Yes,65.0,49,3,13.2,Good,Ready,74.3
STU00548,20,Female,6.05,77.7,1,62.0,54,49.0,2,0.0,No,No,39.0,52,2,23.6,Average,Not Ready,19.6
STU00906,20,Female,7.69,76.4,0,88.0,77,83.0,7,1.0,No,Yes,72.0,76,3,15.8,Good,Highly Ready,99.5
STU00689,22,Male,5.96,66.3,2,54.0,53,57.0,0,0.0,Yes,No,51.0,40,3,9.2,Poor,Not Ready,4.4
STU00927,19,Female,8.55,100.0,0,53.0,59,65.0,2,1.0,Yes,Yes,55.0,38,2,26.2,Excellent,Highly Ready,92.5
STU00457,23,Female,7.45,250.0,0,92.0,73,85.0,3,2.0,Yes,Yes,72.0,78,6,16.6,Good,Highly Ready,97.7
STU00394,20,Female,7.69,90.2,0,52.0,89,64.0,2,0.0,No,No,67.0,45,2,15.9,Good,Ready,66.1
STU00676,20,Male,6.62,66.6,1,44.0,53,77.0,0,1.0,Yes,No,83.0,22,2,4.1,Poor,Not Ready,13.0
STU00939,21,Female,8.58,82.5,0,48.0,77,55.0,0,3.0,No,Yes,41.0,33,2,13.5,Excellent,Developing,26.4
STU00994,20,Male,7.32,76.0,0,64.0,78,66.0,0,2.0,,No,52.0,52,5,15.0,Good,Ready,65.5
STU00376,22,Female,7.82,72.7,0,80.0,89,50.0,3,1.0,Yes,Yes,66.0,83,7,5.5,Good,Highly Ready,98.7
STU00413,20,Male,5.85,71.4,2,37.0,59,67.0,1,1.0,No,No,71.0,16,1,7.0,Poor,Not Ready,0.5
STU00075,23,Female,7.41,68.9,0,53.0,61,,1,2.0,No,Yes,32.0,41,3,18.5,Average,Developing,38.9
STU01136,22,Female,7.47,69.2,0,76.0,84,83.0,3,1.0,Yes,Yes,74.0,57,3,19.8,Good,Highly Ready,99.3
STU00888,22,Female,6.12,71.2,0,55.0,52,55.0,0,3.0,No,No,43.0,38,6,13.3,Poor,Not Ready,5.6
STU00501,20,Male,7.34,72.6,0,60.0,82,,3,1.0,No,No,47.0,50,3,5.6,Average,Ready,61.9
STU00824,21,Male,4.63,77.2,6,23.0,53,50.0,0,2.0,No,No,82.0,22,3,14.3,Poor,Not Ready,0.5
STU00617,21,Male,7.25,68.1,0,69.0,57,41.0,1,2.0,Yes,Yes,74.0,50,3,19.7,Average,Ready,73.5
STU00115,21,Male,6.72,88.4,1,70.0,71,68.0,1,0.0,Yes,No,51.0,52,2,20.7,Average,Ready,60.8
STU00418,21,Female,7.41,69.3,1,79.0,58,53.0,1,1.0,No,No,74.0,46,1,1.0,Average,Developing,36.9
STU00602,20,Male,6.33,90.4,2,51.0,55,73.0,3,,No,No,49.0,46,2,23.2,Average,Not Ready,20.1
STU00605,21,Female,7.05,71.3,0,68.0,52,37.0,2,1.0,No,No,56.0,51,2,17.7,Average,Not Ready,16.2
STU00090,21,Male,7.68,75.4,0,66.0,61,72.0,2,1.0,Yes,Yes,87.0,49,1,15.8,Excellent,Highly Ready,92.8
STU01163,21,Male,6.92,78.0,0,56.0,56,,1,2.0,No,No,79.0,42,2,12.2,Average,Not Ready,14.4
STU00499,23,Male,5.19,,3,34.0,32,57.0,1,0.0,No,No,48.0,26,1,7.9,Poor,Not Ready,3.2
STU00902,20,Female,6.4,60.4,2,35.0,50,54.0,1,0.0,No,No,69.0,29,4,8.3,Poor,Not Ready,3.0
STU00909,21,Male,6.48,84.2,0,50.0,65,65.0,1,1.0,Yes,Yes,70.0,40,3,8.0,Average,Ready,51.4
STU00907,21,Female,7.59,96.7,0,70.0,73,74.0,6,4.0,No,No,45.0,69,4,23.2,Good,Highly Ready,94.7
STU00012,21,Female,7.77,60.5,0,68.0,72,57.0,2,0.0,No,Yes,83.0,50,2,11.0,Good,Ready,74.4
STU00397,20,Male,7.98,88.9,2,71.0,57,73.0,0,3.0,No,Yes,61.0,55,4,16.8,Good,Ready,61.7
STU00858,19,Male,6.34,63.4,0,43.0,60,62.0,0,0.0,No,Yes,35.0,25,2,1.0,Poor,Not Ready,7.4
STU00556,22,Female,7.28,82.6,1,64.0,62,62.0,1,1.0,No,No,68.0,43,3,14.4,Average,Developing,33.2
STU00043,19,Male,7.95,97.3,0,59.0,48,84.0,3,2.0,Yes,No,67.0,57,4,22.3,Excellent,Highly Ready,91.7
STU00168,22,Male,7.92,,0,85.0,63,68.0,4,3.0,Yes,Yes,78.0,65,3,19.5,Excellent,Highly Ready,94.5
STU00417,21,Male,9.47,100.0,0,91.0,94,68.0,3,2.0,Yes,Yes,82.0,67,2,30.0,Excellent,Highly Ready,92.5
STU00577,20,Female,7.14,68.4,0,89.0,72,60.0,2,1.0,No,No,54.0,64,7,12.0,Average,Ready,66.8
STU00268,24,Male,6.66,71.0,1,54.0,66,68.0,1,0.0,No,No,58.0,42,5,2.9,Poor,Developing,18.4
STU00831,21,Male,8.81,87.1,0,65.0,60,70.0,3,2.0,No,Yes,54.0,57,4,23.0,Excellent,Highly Ready,93.8
STU00427,20,Female,6.33,71.1,2,41.0,52,73.0,0,1.0,No,Yes,67.0,27,3,1.0,Poor,Not Ready,4.3
STU00691,20,Male,7.77,95.3,0,83.0,66,65.0,2,3.0,Yes,No,49.0,66,3,18.9,Excellent,Highly Ready,95.9
STU00545,21,Male,7.02,82.9,0,40.0,78,75.0,2,0.0,Yes,No,39.0,44,3,18.2,Good,Ready,67.1
STU01137,21,Male,8.14,98.0,0,77.0,75,87.0,6,4.0,Yes,No,78.0,74,3,31.1,Excellent,Highly Ready,97.0
STU00675,20,Male,6.58,72.3,1,64.0,71,69.0,1,0.0,,Yes,60.0,62,5,1.8,Average,Developing,39.8
STU00690,20,Female,7.37,75.4,0,67.0,49,47.0,2,4.0,No,Yes,55.0,45,3,12.2,Average,Developing,43.9
STU01069,21,Male,7.42,60.2,0,78.0,89,60.0,2,2.0,Yes,No,44.0,68,4,2.0,Average,Highly Ready,97.3
STU01191,20,Female,6.43,58.5,0,56.0,65,61.0,2,0.0,No,Yes,59.0,37,3,14.1,Average,Developing,23.0
STU01159,20,Male,5.62,76.3,2,25.0,43,80.0,0,1.0,No,No,70.0,25,2,24.0,Poor,Not Ready,0.5
STU00910,21,Female,6.35,73.6,0,44.0,51,88.0,2,1.0,No,No,72.0,33,3,7.7,Poor,Developing,32.8
STU00258,20,Female,6.72,77.5,1,63.0,43,54.0,2,1.0,No,No,42.0,50,1,17.8,Average,Not Ready,14.8
STU00336,21,Male,6.03,76.6,1,32.0,54,61.0,0,0.0,No,Yes,63.0,17,1,12.3,Poor,Not Ready,2.1
STU00016,22,Male,5.99,62.3,1,26.0,38,69.0,0,0.0,No,No,57.0,18,2,1.5,Poor,Not Ready,1.2
STU01034,21,Female,8.56,92.9,0,64.0,68,100.0,3,3.0,Yes,Yes,69.0,52,3,23.2,Excellent,Highly Ready,98.4
STU00325,22,Male,8.84,72.7,0,74.0,98,74.0,6,2.0,No,Yes,63.0,66,2,10.6,Excellent,Highly Ready,99.5
STU00608,20,Male,7.59,78.0,0,73.0,65,76.0,1,0.0,Yes,No,63.0,50,5,18.5,Good,Highly Ready,89.9
STU01068,20,Female,7.27,81.2,0,59.0,56,86.0,2,2.0,No,Yes,,49,1,14.5,Good,Highly Ready,94.5
STU00813,19,Male,7.42,87.3,0,70.0,71,71.0,1,1.0,No,Yes,75.0,47,4,17.4,Good,Ready,69.9
STU00223,21,Male,7.4,92.7,0,53.0,76,68.0,1,1.0,No,No,37.0,35,2,20.6,Good,Developing,27.1
STU00180,20,Female,8.61,88.6,0,67.0,51,61.0,5,4.0,No,Yes,54.0,75,5,24.1,Excellent,Highly Ready,95.7
STU00100,20,Male,6.36,80.1,0,65.0,35,83.0,1,0.0,Yes,No,55.0,48,3,1.0,Average,Ready,74.0
STU00522,21,Female,5.68,,2,35.0,53,59.0,0,0.0,No,No,57.0,19,1,12.2,Poor,Not Ready,0.5
STU00023,22,Male,8.91,83.1,0,77.0,68,67.0,2,2.0,Yes,No,51.0,53,2,23.4,Excellent,Highly Ready,99.5
STU00357,20,Male,6.75,74.8,0,68.0,52,67.0,0,0.0,No,No,48.0,39,3,4.2,Average,Developing,48.7
STU00734,20,Male,7.42,86.1,0,79.0,62,77.0,3,6.0,Yes,No,35.0,75,3,23.1,Good,Highly Ready,99.5
STU00990,21,Male,7.3,73.3,0,44.0,64,79.0,2,5.0,No,No,59.0,42,1,20.2,Average,Ready,53.7
STU01126,21,Male,6.7,78.6,0,65.0,59,,3,1.0,Yes,No,86.0,59,3,16.8,Average,Highly Ready,87.7
STU00612,21,Female,6.49,72.0,2,62.0,52,68.0,2,0.0,No,Yes,64.0,50,1,1.0,Poor,Not Ready,12.2
STU01033,22,Female,7.03,77.7,1,41.0,43,91.0,1,0.0,No,No,,24,3,5.5,Average,Not Ready,5.4
STU00341,22,Female,4.88,75.8,9,22.0,39,78.0,0,0.0,No,Yes,33.0,9,1,20.2,Poor,Not Ready,0.5
STU00432,20,Male,6.82,74.3,0,57.0,62,42.0,2,0.0,No,Yes,73.0,44,2,10.1,Average,Developing,29.3
STU01112,21,Male,7.58,92.5,0,59.0,67,80.0,1,2.0,No,No,45.0,51,2,17.5,Good,Ready,58.1
STU00218,19,Male,8.73,96.4,0,75.0,84,88.0,3,3.0,Yes,Yes,77.0,69,4,22.9,Excellent,Highly Ready,99.5
STU00204,22,Male,7.86,76.7,0,53.0,59,69.0,2,3.0,No,Yes,75.0,44,3,8.6,Good,Ready,61.8
STU00933,23,Female,7.85,76.9,0,64.0,68,,1,2.0,Yes,No,42.0,54,5,15.9,Good,Highly Ready,89.6
STU00950,21,Male,4.0,71.2,10,5.0,18,48.0,0,1.0,No,No,62.0,5,1,22.3,Poor,Not Ready,6.0
STU00094,20,Male,6.03,66.9,1,56.0,54,50.0,1,0.0,No,No,27.0,31,1,1.0,Poor,Not Ready,1.9
STU00821,23,Female,6.64,73.4,1,51.0,60,45.0,2,1.0,No,No,29.0,44,1,16.3,Average,Not Ready,3.5
STU00069,21,Female,8.32,86.6,0,66.0,73,76.0,8,1.0,Yes,Yes,90.0,80,5,17.7,Excellent,Highly Ready,99.5
STU00922,19,Female,6.62,69.8,0,56.0,59,65.0,2,1.0,No,No,51.0,52,4,,Average,Developing,31.2
STU00285,20,Male,6.41,82.2,3,32.0,43,73.0,1,2.0,No,No,60.0,28,2,14.5,Poor,Not Ready,4.2
STU00697,22,Female,5.08,60.3,4,20.0,30,68.0,1,1.0,No,No,25.0,21,1,9.5,Poor,Not Ready,7.6
STU00086,21,Female,7.31,72.7,0,65.0,55,62.0,2,2.0,No,No,35.0,51,2,14.8,Good,Developing,38.1
STU00435,21,Male,7.53,93.1,0,82.0,58,55.0,3,4.0,No,No,78.0,62,3,8.0,Good,Highly Ready,89.6
STU00819,23,Other,6.82,87.8,0,62.0,60,69.0,2,2.0,No,No,45.0,47,2,20.1,Good,Developing,30.1
STU00154,22,Male,7.04,72.3,0,43.0,38,62.0,3,2.0,No,Yes,54.0,44,3,14.5,Average,Developing,30.6
STU00076,20,Female,7.87,72.0,0,73.0,71,51.0,4,1.0,Yes,No,70.0,63,4,11.7,Good,Highly Ready,98.6
STU01116,22,Male,6.71,86.1,1,69.0,74,82.0,2,0.0,Yes,No,45.0,40,3,21.8,Average,Highly Ready,89.4
STU00581,22,Female,6.22,82.3,1,40.0,45,62.0,0,0.0,No,No,55.0,16,1,20.4,Average,Not Ready,0.5
STU00447,24,Female,8.35,82.2,0,66.0,74,60.0,7,3.0,Yes,No,61.0,72,6,6.4,Excellent,Highly Ready,97.0
STU00704,20,Male,6.36,76.9,0,76.0,68,61.0,0,1.0,No,No,35.0,45,3,10.6,Poor,Not Ready,14.2
STU00189,22,Female,4.97,90.6,3,49.0,38,69.0,0,1.0,No,No,39.0,39,2,14.5,Poor,Not Ready,5.7
STU00272,22,Female,7.33,86.3,1,59.0,52,47.0,3,2.0,No,No,36.0,55,5,21.9,Good,Not Ready,17.1
STU00237,20,Other,5.8,,1,18.0,25,60.0,0,0.0,No,No,47.0,15,2,160.0,Poor,Not Ready,0.5
STU00488,20,Female,8.05,81.0,0,64.0,89,57.0,1,4.0,No,Yes,83.0,47,2,17.8,Excellent,Highly Ready,90.0
STU01174,22,Female,7.2,87.3,0,46.0,69,84.0,3,3.0,No,No,67.0,37,2,21.8,Good,Ready,66.9
STU00560,22,Male,6.15,75.2,1,63.0,48,61.0,1,1.0,No,No,35.0,35,1,10.8,Poor,Not Ready,7.8
STU00118,20,Male,6.96,80.7,0,59.0,50,53.0,5,,Yes,Yes,72.0,62,4,16.2,Average,Highly Ready,92.0
STU00638,21,Male,6.02,67.5,2,45.0,63,66.0,1,1.0,No,No,76.0,34,2,19.7,Poor,Not Ready,10.1
STU01091,22,Male,6.35,77.3,0,50.0,53,65.0,1,1.0,No,No,64.0,40,2,17.0,Average,Not Ready,8.4
STU00751,22,Female,7.06,71.1,0,61.0,60,37.0,3,4.0,No,Yes,51.0,56,5,14.4,Average,Ready,81.3
STU00513,20,Female,7.57,83.9,0,77.0,65,32.0,1,1.0,No,No,45.0,64,5,21.7,Good,Developing,25.6
STU00634,22,Male,5.72,81.6,2,33.0,41,38.0,1,0.0,No,No,70.0,29,2,24.3,Poor,Not Ready,0.5
STU00808,20,Female,5.91,62.7,0,39.0,48,35.0,0,1.0,No,No,63.0,29,1,3.0,Poor,Not Ready,1.0
STU01030,21,Female,8.62,93.4,0,75.0,71,74.0,4,3.0,Yes,Yes,100.0,68,4,17.8,Excellent,Highly Ready,99.5
STU00980,22,Male,7.5,73.7,0,65.0,79,86.0,2,2.0,No,No,57.0,51,3,1.0,Good,Highly Ready,78.3
STU00127,21,Female,8.86,82.6,0,79.0,83,65.0,1,4.0,No,No,50.0,56,3,13.5,Excellent,Highly Ready,93.9
STU00791,22,Male,6.24,76.7,0,51.0,55,58.0,1,1.0,No,No,64.0,38,1,12.9,Poor,Developing,23.5
STU00117,19,Male,7.49,83.0,0,63.0,62,82.0,2,0.0,No,No,55.0,48,2,9.9,Average,Ready,59.2
STU00474,21,Male,7.68,87.5,0,66.0,45,84.0,5,5.0,No,Yes,58.0,59,3,15.5,Good,Highly Ready,95.4
STU00741,20,Male,7.17,65.0,1,72.0,82,82.0,5,0.0,Yes,Yes,70.0,66,8,8.9,Average,Highly Ready,97.7
STU01025,21,Female,4.84,65.1,6,21.0,46,45.0,0,0.0,No,No,43.0,15,2,4.6,Poor,Not Ready,0.5
STU00058,23,Female,7.85,78.7,0,67.0,64,,1,2.0,No,Yes,63.0,54,4,16.1,Good,Ready,78.4
STU00604,22,Male,5.91,83.3,2,42.0,45,78.0,0,2.0,No,Yes,53.0,30,2,7.5,Poor,Not Ready,5.5
STU00787,23,Female,7.38,69.0,0,69.0,59,91.0,0,0.0,No,No,58.0,53,2,18.3,Average,Developing,44.4
STU01001,21,Female,6.13,75.8,0,52.0,55,69.0,2,1.0,No,Yes,83.0,36,2,16.5,Poor,Developing,37.5
STU00657,20,Male,6.12,72.2,0,46.0,60,46.0,0,0.0,No,No,24.0,21,1,9.4,Poor,Not Ready,7.7
STU01117,22,Female,8.31,80.9,0,62.0,68,72.0,1,2.0,No,No,56.0,38,3,14.7,Good,Ready,69.3
STU00949,21,Male,6.79,67.0,1,63.0,50,87.0,3,0.0,No,No,42.0,50,4,9.9,Average,Ready,52.4
STU00106,21,Male,5.75,64.5,0,46.0,48,56.0,0,0.0,No,No,42.0,24,1,1.0,Poor,Not Ready,7.0
STU00636,20,Male,6.17,73.0,0,55.0,57,42.0,3,2.0,No,No,71.0,44,1,21.7,Average,Not Ready,20.4
STU00370,23,Female,5.94,65.3,1,77.0,56,74.0,1,0.0,No,No,59.0,55,4,11.7,Poor,Developing,36.6
STU00269,19,Female,6.48,78.1,0,80.0,55,71.0,0,1.0,No,Yes,74.0,50,3,5.1,Average,Ready,65.3
STU00656,21,Male,7.2,76.5,0,69.0,62,63.0,1,2.0,No,No,39.0,55,1,9.1,Average,Developing,50.4
STU00820,20,Male,7.1,79.2,1,43.0,45,40.0,3,0.0,Yes,No,76.0,52,2,16.0,Average,Developing,41.0
STU00047,21,Male,7.75,74.5,0,68.0,66,73.0,2,0.0,Yes,No,45.0,58,5,11.4,Good,Highly Ready,98.2
STU00350,22,Male,8.23,100.0,0,84.0,80,75.0,3,6.0,Yes,No,85.0,74,4,13.6,Excellent,Highly Ready,95.8
STU00774,21,Male,9.11,93.6,0,100.0,76,67.0,3,2.0,Yes,No,39.0,73,1,19.5,Excellent,Highly Ready,99.1
STU00196,22,Male,6.96,93.2,0,51.0,64,60.0,1,2.0,No,No,65.0,46,4,25.5,Good,Developing,47.4
STU00103,21,Male,7.18,80.8,1,59.0,55,70.0,7,3.0,No,No,55.0,82,8,10.9,Good,Highly Ready,97.7
STU00005,21,Male,4.9,63.8,1,29.0,43,35.0,1,1.0,No,No,52.0,29,1,7.3,Poor,Not Ready,0.5
STU00620,21,Female,8.05,73.6,0,67.0,89,80.0,9,2.0,Yes,Yes,62.0,89,8,13.8,Good,Highly Ready,99.2
STU01092,21,Male,8.32,91.6,0,58.0,70,73.0,1,1.0,No,No,57.0,39,2,19.5,Excellent,Ready,67.2
STU00053,23,Female,5.64,55.6,1,32.0,44,51.0,0,1.0,No,No,44.0,27,1,9.9,Poor,Not Ready,0.5
STU00264,20,Male,6.8,80.3,0,42.0,58,59.0,1,0.0,No,Yes,74.0,31,2,20.8,Average,Not Ready,17.9
STU01107,21,Male,7.04,96.4,0,65.0,74,69.0,2,4.0,Yes,No,61.0,51,1,24.5,Good,Highly Ready,94.9
STU00444,21,Male,8.2,87.0,0,72.0,71,49.0,6,5.0,Yes,No,72.0,69,2,16.8,Excellent,Highly Ready,99.5
STU01002,21,Female,5.94,77.4,2,37.0,38,68.0,2,0.0,No,No,,29,3,13.2,Poor,Not Ready,7.0
STU00783,21,Female,7.87,76.9,0,-8.0,84,63.0,4,1.0,Yes,No,66.0,72,5,12.5,Good,Highly Ready,98.3
STU00891,20,Male,6.8,92.8,0,52.0,43,63.0,2,0.0,No,No,65.0,56,4,17.7,Good,Developing,23.0
STU00692,20,Male,7.18,75.4,0,52.0,50,55.0,1,0.0,No,No,37.0,31,2,9.5,Average,Not Ready,18.8
STU00305,22,Male,7.34,76.4,1,66.0,56,74.0,1,2.0,Yes,Yes,72.0,43,2,15.7,Average,Highly Ready,82.0
STU00342,19,Male,7.32,100.0,0,47.0,63,69.0,6,2.0,Yes,Yes,75.0,56,5,17.5,Excellent,Highly Ready,98.3
STU00893,20,Other,6.33,80.7,0,50.0,62,41.0,2,3.0,Yes,No,45.0,39,2,12.8,Average,Developing,42.8
STU00314,20,Male,6.92,73.4,0,62.0,56,76.0,1,0.0,No,No,53.0,62,4,8.5,Average,Developing,36.1
STU00150,23,Male,6.87,65.3,0,45.0,66,71.0,2,1.0,No,No,46.0,33,2,14.5,Average,Not Ready,25.0
STU00125,21,Female,8.48,79.1,0,66.0,75,89.0,3,3.0,Yes,No,60.0,60,2,9.4,Excellent,Highly Ready,99.5
STU01142,20,Male,5.45,73.3,5,43.0,53,58.0,0,0.0,No,No,50.0,30,1,13.0,Poor,Not Ready,0.5
STU00575,20,Male,8.44,83.9,0,84.0,47,59.0,2,2.0,Yes,No,72.0,67,3,20.7,Excellent,Highly Ready,99.5
STU00698,21,Female,6.29,76.3,0,75.0,51,82.0,0,1.0,No,No,68.0,38,1,25.6,Average,Developing,26.5
STU00665,21,Male,6.81,79.5,0,72.0,53,72.0,1,2.0,Yes,No,68.0,56,5,17.3,Average,Highly Ready,80.3
STU00051,19,Female,7.45,85.1,0,52.0,67,72.0,1,3.0,No,No,60.0,58,6,15.9,Good,Ready,56.7
STU00727,22,Female,6.84,81.9,2,55.0,68,63.0,1,0.0,No,No,47.0,60,4,13.3,Average,Not Ready,12.1
STU00800,21,Male,7.29,94.0,0,56.0,68,69.0,3,5.0,No,No,45.0,55,6,28.6,Excellent,Highly Ready,90.0
STU00834,20,Male,6.12,71.7,1,47.0,51,77.0,1,1.0,No,No,36.0,40,3,13.9,Poor,Not Ready,9.8
STU00354,21,Male,7.6,70.4,0,58.0,61,54.0,4,1.0,No,Yes,56.0,45,2,17.2,Good,Ready,64.5
STU01167,20,Male,9.12,90.7,0,91.0,77,81.0,1,4.0,Yes,No,66.0,69,2,21.9,Excellent,Highly Ready,98.4
STU00143,21,Male,5.14,78.3,4,42.0,32,70.0,0,0.0,No,No,59.0,21,1,12.2,Poor,Not Ready,0.5
STU00471,24,Female,7.6,134.0,1,60.0,78,55.0,3,0.0,No,No,82.0,50,5,9.8,Good,Ready,71.3
STU00654,22,Male,7.44,79.3,0,57.0,45,93.0,0,3.0,No,No,48.0,41,1,22.3,Good,Developing,42.0
STU00400,20,Female,5.7,71.1,2,48.0,42,60.0,0,1.0,No,No,42.0,39,1,8.2,Poor,Not Ready,1.9
STU00925,21,Female,6.58,72.4,4,41.0,57,55.0,2,1.0,No,No,58.0,35,3,6.0,Poor,Not Ready,0.5
STU00943,24,Female,9.55,91.6,0,73.0,60,77.0,3,2.0,No,Yes,75.0,57,3,27.6,Excellent,Highly Ready,96.4
STU00321,20,Female,7.36,77.7,0,68.0,75,42.0,2,2.0,Yes,Yes,41.0,40,1,11.4,Good,Highly Ready,89.5
STU00020,20,Female,7.83,92.3,0,60.0,71,49.0,3,7.0,No,Yes,65.0,50,2,22.3,Excellent,Ready,81.0
STU00685,22,Female,6.06,64.6,0,45.0,42,57.0,0,,Yes,No,40.0,28,2,5.4,Poor,Not Ready,6.2
STU00036,21,Male,7.57,75.2,0,55.0,71,82.0,0,3.0,Yes,No,34.0,36,5,13.9,Good,Ready,68.4
STU00825,21,Male,4.94,63.2,5,31.0,29,46.0,1,0.0,No,No,49.0,31,1,7.7,Poor,Not Ready,0.5
STU00506,20,Male,7.75,97.8,0,56.0,54,72.0,4,4.0,No,No,32.0,32,1,25.8,Excellent,Ready,73.8
STU00828,21,Male,5.65,69.8,1,33.0,44,47.0,0,0.0,No,No,40.0,25,1,1.0,Poor,Not Ready,0.5
STU01085,21,Female,6.79,91.3,1,57.0,64,74.0,2,7.0,Yes,Yes,92.0,49,2,17.6,Good,Highly Ready,99.5
STU00408,21,Female,7.62,82.2,1,83.0,74,57.0,1,2.0,No,No,38.0,59,2,16.9,Good,Developing,45.9
STU00818,22,Female,7.46,72.7,0,61.0,62,49.0,2,0.0,Yes,Yes,47.0,45,5,6.3,Average,Ready,62.8
STU00867,22,Male,6.62,73.7,0,46.0,47,78.0,0,1.0,No,No,71.0,39,1,20.5,Average,Developing,42.6
STU00538,21,Male,8.74,88.7,0,65.0,60,91.0,3,3.0,Yes,No,79.0,46,2,9.9,Excellent,Highly Ready,99.5
STU00759,20,Female,7.35,76.8,0,58.0,72,84.0,1,4.0,No,No,43.0,63,2,11.4,Good,Highly Ready,84.0
STU01190,21,Male,6.81,79.4,0,50.0,50,71.0,3,2.0,Yes,No,61.0,34,1,20.6,Average,Ready,57.2
STU00999,20,Male,6.63,69.3,0,59.0,61,82.0,1,0.0,No,No,76.0,53,3,4.2,Average,Developing,24.7
STU00039,20,Female,6.6,84.3,0,37.0,47,64.0,0,2.0,No,Yes,59.0,28,2,18.2,Average,Not Ready,9.7
STU00176,21,Male,6.48,96.6,2,64.0,77,66.0,1,5.0,No,No,62.0,51,3,12.2,Average,Not Ready,13.7
STU00246,20,Female,5.32,78.7,2,40.0,70,65.0,0,1.0,No,No,26.0,33,2,17.8,Poor,Not Ready,0.5
STU00811,19,Male,6.61,65.1,0,42.0,62,59.0,2,,No,No,47.0,37,2,9.5,Average,Not Ready,17.0
STU01099,20,Female,7.71,76.3,0,54.0,83,75.0,2,2.0,Yes,No,68.0,62,4,6.8,Good,Highly Ready,94.6
STU00992,20,Male,7.33,81.7,0,79.0,70,69.0,1,3.0,Yes,No,61.0,59,2,21.6,Good,Highly Ready,92.5
STU00785,20,Female,6.35,70.9,0,50.0,45,59.0,1,1.0,No,No,49.0,35,3,10.0,Average,Not Ready,6.8
STU01200,22,Female,7.48,81.9,0,44.0,45,69.0,1,2.0,No,No,76.0,37,1,14.5,Good,Developing,28.9
STU00490,19,Female,7.77,90.3,0,59.0,43,72.0,3,1.0,Yes,No,57.0,62,5,10.9,Good,Highly Ready,95.0
STU00155,19,Male,7.64,96.9,0,76.0,68,60.0,6,2.0,Yes,No,56.0,80,4,25.4,Excellent,Highly Ready,99.5
STU00639,21,Other,8.65,86.3,0,79.0,55,67.0,5,5.0,Yes,No,54.0,71,1,25.1,Excellent,Highly Ready,97.7
STU00663,21,Male,7.49,83.4,0,49.0,51,63.0,2,1.0,No,No,66.0,49,2,22.9,Good,Developing,46.3
STU00854,24,Male,8.37,92.4,0,64.0,69,67.0,5,8.0,No,No,50.0,84,6,30.3,Excellent,Highly Ready,98.5
STU00288,21,Female,5.85,65.3,1,48.0,48,47.0,0,0.0,No,Yes,80.0,35,2,10.0,Poor,Not Ready,6.7
STU00626,23,Male,7.0,81.2,1,60.0,68,63.0,2,2.0,No,No,77.0,39,2,17.5,Average,Developing,44.5
STU01141,22,Male,10.0,90.6,0,87.0,98,74.0,6,1.0,No,Yes,32.0,79,7,22.8,Excellent,Highly Ready,99.5
STU00686,22,Male,6.29,79.7,0,40.0,61,90.0,1,4.0,No,No,30.0,35,2,19.3,Average,Not Ready,5.8
STU01031,21,Female,7.59,83.4,0,77.0,55,87.0,3,3.0,Yes,No,53.0,56,2,14.3,Good,Highly Ready,97.9
STU00899,22,Female,6.78,65.9,0,66.0,84,61.0,1,0.0,No,Yes,85.0,49,3,1.0,Average,Ready,69.5
STU00570,20,Female,8.3,100.0,1,75.0,69,94.0,4,3.0,No,No,82.0,63,3,26.2,Excellent,Highly Ready,97.9
STU01158,20,Female,8.46,84.0,0,86.0,93,72.0,2,1.0,Yes,No,45.0,68,4,14.8,Excellent,Highly Ready,99.5
STU00735,19,Female,6.53,67.6,1,68.0,62,66.0,2,1.0,No,Yes,71.0,43,2,9.8,Poor,Ready,54.6
STU00793,23,Female,7.33,84.4,1,62.0,70,76.0,4,1.0,Yes,Yes,72.0,58,3,14.6,Good,Highly Ready,95.1
STU00018,21,Male,5.46,80.6,3,52.0,28,85.0,1,0.0,No,No,56.0,38,4,,Poor,Not Ready,0.5
STU00128,22,Male,4.92,72.1,5,24.0,52,50.0,1,0.0,No,No,40.0,25,1,4.4,Poor,Not Ready,6.0
STU00323,22,Male,7.63,81.0,0,68.0,65,75.0,3,2.0,Yes,No,64.0,62,4,12.8,Good,Highly Ready,99.5
STU00256,21,Female,7.62,80.2,0,62.0,64,55.0,4,1.0,No,Yes,70.0,54,1,14.5,Average,Highly Ready,74.3
STU00972,20,Female,7.04,74.0,1,42.0,51,46.0,0,1.0,No,No,57.0,27,4,8.2,Average,Not Ready,7.1
STU01194,20,Male,7.95,85.8,0,69.0,76,61.0,3,6.0,No,No,78.0,57,1,11.9,Good,Highly Ready,92.4
STU00191,21,Female,8.65,83.4,0,69.0,76,52.0,5,0.0,Yes,Yes,68.0,58,4,11.1,Excellent,Highly Ready,98.6
STU00116,21,Female,7.62,87.6,0,63.0,62,65.0,3,8.0,No,No,,72,5,26.6,Excellent,Highly Ready,92.0
STU01188,20,Male,7.81,76.0,0,63.0,64,72.0,4,1.0,No,Yes,45.0,56,4,16.5,Good,Highly Ready,94.2
STU00966,20,Male,6.3,77.8,2,53.0,61,66.0,2,3.0,No,No,24.0,45,2,19.3,Poor,Not Ready,6.2
STU00607,21,Male,7.78,82.5,0,49.0,55,85.0,3,1.0,Yes,Yes,,43,2,17.9,Excellent,Highly Ready,82.5
STU00181,20,Male,8.54,91.1,0,72.0,81,34.0,6,9.0,Yes,Yes,64.0,87,6,22.2,Excellent,Highly Ready,98.0
STU00302,22,Female,5.91,82.4,2,28.0,51,82.0,0,1.0,No,Yes,,23,1,10.4,Poor,Not Ready,2.3
STU00497,20,Male,5.33,79.5,5,33.0,28,53.0,0,1.0,No,Yes,76.0,26,2,12.9,Poor,Not Ready,3.2
STU00349,21,Male,6.49,83.1,1,43.0,41,44.0,1,2.0,No,No,74.0,34,1,13.1,Poor,Not Ready,4.0
STU01050,22,Female,7.13,84.7,0,59.0,76,82.0,1,2.0,No,No,49.0,49,2,14.3,Average,Developing,50.0
STU01081,19,Male,8.0,85.7,0,75.0,63,79.0,1,1.0,No,No,69.0,48,1,23.1,Excellent,Ready,61.2
STU00745,21,Male,6.72,75.7,1,69.0,61,72.0,1,0.0,No,Yes,48.0,46,2,8.4,Average,Developing,20.0
STU00831,21,Male,8.81,87.1,0,65.0,60,70.0,3,2.0,No,Yes,54.0,57,4,23.0,Excellent,Highly Ready,93.8
STU00985,19,Female,6.74,66.1,4,52.0,54,76.0,2,0.0,Yes,Yes,88.0,31,3,4.4,Poor,Developing,23.2
STU00518,20,Male,5.4,82.7,3,53.0,47,47.0,1,0.0,No,No,69.0,34,1,7.6,Poor,Not Ready,5.1
STU00373,19,Male,7.9,89.0,0,58.0,78,72.0,2,3.0,No,Yes,74.0,36,4,16.0,Excellent,Highly Ready,85.2
STU00046,21,Male,7.15,76.5,0,56.0,51,61.0,1,1.0,No,No,62.0,32,2,9.1,Average,Not Ready,16.7
STU00477,21,Male,9.07,81.3,0,75.0,80,53.0,1,2.0,Yes,Yes,67.0,57,4,17.9,Excellent,Highly Ready,96.4
STU00158,20,Female,7.98,73.3,0,72.0,64,52.0,2,0.0,Yes,No,26.0,67,5,15.9,Good,Highly Ready,89.9
STU01061,23,Female,6.07,60.4,2,49.0,52,69.0,0,1.0,No,No,47.0,30,2,1.0,Poor,Not Ready,0.5
STU00172,23,Female,7.65,96.1,0,60.0,74,74.0,2,3.0,Yes,No,49.0,55,3,19.3,Excellent,Highly Ready,94.2
STU00017,22,Male,6.9,73.4,0,49.0,63,60.0,2,1.0,No,No,58.0,51,2,1.0,Average,Developing,26.5
STU00512,23,Male,5.38,61.9,5,38.0,63,50.0,0,0.0,No,No,50.0,23,2,4.8,Poor,Not Ready,0.5
STU00049,22,Male,7.35,74.7,0,77.0,58,,3,1.0,Yes,Yes,59.0,63,7,11.7,Average,Highly Ready,93.4
STU00192,22,Female,7.9,87.4,1,71.0,66,82.0,2,3.0,No,No,64.0,58,1,16.9,Good,Highly Ready,94.4
STU00547,21,Male,6.71,72.1,0,61.0,50,62.0,0,1.0,No,No,41.0,43,2,9.1,Average,Developing,20.4
STU00516,21,Male,7.93,80.5,0,59.0,61,59.0,0,3.0,No,No,28.0,36,1,18.9,Good,Developing,29.3
STU01008,23,Male,7.6,80.8,1,43.0,60,88.0,3,2.0,No,Yes,68.0,33,2,20.9,Good,Ready,73.9
STU00967,21,Male,8.07,92.0,0,54.0,69,54.0,3,7.0,No,Yes,64.0,50,1,27.0,Excellent,Highly Ready,84.9
STU00829,20,Female,7.02,88.2,0,86.0,72,91.0,3,1.0,Yes,No,51.0,53,2,21.6,Good,Highly Ready,99.5
STU01014,20,Male,6.5,95.3,0,39.0,52,58.0,1,2.0,No,No,54.0,30,1,27.3,Average,Not Ready,4.7
STU00481,21,Female,7.02,62.9,1,43.0,57,74.0,1,2.0,Yes,Yes,36.0,28,2,3.5,Average,Ready,57.1
STU01143,22,Male,5.08,67.7,4,29.0,33,48.0,0,1.0,No,No,50.0,15,1,1.0,Poor,Not Ready,0.5
STU00284,20,Male,6.89,80.5,2,66.0,68,65.0,1,2.0,No,Yes,72.0,50,3,14.1,Poor,Developing,27.9
STU01044,21,Female,6.94,74.6,0,74.0,55,65.0,1,0.0,No,No,44.0,46,2,20.5,Average,Developing,40.8
STU00798,22,Male,8.53,70.1,0,63.0,50,70.0,0,1.0,No,No,75.0,44,2,13.3,Excellent,Ready,66.0
STU00995,22,Male,7.56,71.9,0,40.0,53,72.0,1,0.0,No,Yes,48.0,19,3,8.1,Average,Developing,33.0
STU00226,21,Male,6.6,70.9,0,40.0,55,66.0,2,0.0,No,No,54.0,47,4,1.0,Poor,Not Ready,8.7
STU00027,20,Male,7.79,76.5,0,67.0,77,58.0,3,,Yes,No,27.0,66,3,14.1,Good,Highly Ready,99.5
STU00283,21,Male,6.96,86.2,0,65.0,58,63.0,4,4.0,No,Yes,64.0,54,1,16.0,Good,Ready,62.0
STU01164,22,Female,5.69,86.8,1,36.0,45,61.0,1,2.0,Yes,No,52.0,31,1,15.8,Poor,Not Ready,8.7
STU00438,23,Female,6.89,93.3,1,44.0,40,60.0,0,0.0,No,No,22.0,20,1,28.3,Good,Not Ready,3.3
STU01182,23,Male,7.63,87.4,0,78.0,71,64.0,3,2.0,No,No,51.0,69,4,17.7,Good,Highly Ready,84.7
STU00365,19,Female,6.36,64.7,1,42.0,47,61.0,2,0.0,No,No,70.0,29,2,13.1,Poor,Not Ready,5.0
STU00230,20,Male,6.94,79.8,1,52.0,47,73.0,0,4.0,No,No,67.0,28,3,20.6,Average,Developing,23.0
STU00038,22,Female,7.43,90.5,0,48.0,42,56.0,3,1.0,No,No,63.0,50,3,23.5,Good,Developing,42.0
STU00670,20,Male,5.62,73.7,2,19.0,28,64.0,0,0.0,No,No,33.0,7,1,18.2,Poor,Not Ready,1.0
STU00750,23,Female,7.61,82.1,0,50.0,49,53.0,2,4.0,Yes,No,69.0,44,1,22.9,Good,Highly Ready,76.2
STU01195,19,Male,7.95,74.3,0,73.0,79,63.0,3,4.0,No,No,57.0,56,4,8.7,Good,Highly Ready,88.0
STU00375,24,Female,5.93,59.4,1,47.0,76,67.0,1,2.0,No,No,48.0,42,3,9.6,Poor,Not Ready,11.9
STU00470,21,Male,5.3,66.4,4,20.0,29,67.0,1,1.0,No,No,60.0,23,1,8.2,Poor,Not Ready,0.5
STU00883,19,Female,5.27,70.2,4,27.0,46,72.0,0,0.0,No,No,64.0,16,1,10.7,Poor,Not Ready,6.7
STU01097,21,Male,9.04,98.6,0,100.0,87,82.0,3,2.0,Yes,Yes,97.0,83,4,26.6,Excellent,Highly Ready,99.5
STU01196,22,Male,8.06,70.0,0,89.0,80,74.0,3,2.0,Yes,Yes,,74,3,11.2,Good,Highly Ready,99.5
STU00688,19,Male,8.84,79.9,0,80.0,84,81.0,4,2.0,Yes,Yes,56.0,63,2,,Excellent,Highly Ready,99.5
STU00033,20,Male,6.09,81.1,1,49.0,39,42.0,1,0.0,No,No,72.0,43,2,12.3,Poor,Not Ready,5.5
STU00640,23,Female,6.74,81.3,0,62.0,61,59.0,2,1.0,No,No,47.0,66,2,10.3,Average,Ready,62.8
STU01053,19,Male,7.33,77.4,0,55.0,57,70.0,2,1.0,No,No,80.0,42,3,17.5,Good,Ready,56.8
STU00195,20,Female,5.63,68.4,3,20.0,52,64.0,0,0.0,No,No,46.0,13,1,8.5,Poor,Not Ready,1.5
STU01120,20,Female,6.06,85.7,2,48.0,60,64.0,1,2.0,No,No,40.0,29,1,16.8,Poor,Not Ready,5.0
STU01128,20,Male,7.71,89.3,0,66.0,54,76.0,3,1.0,Yes,No,33.0,59,3,27.3,Excellent,Highly Ready,92.2
STU00981,21,Male,8.07,98.9,0,78.0,69,66.0,3,6.0,Yes,No,65.0,66,3,27.2,Excellent,Highly Ready,99.5
STU00504,23,Male,4.81,61.0,4,33.0,31,57.0,0,0.0,No,No,52.0,27,2,1.0,Poor,Not Ready,1.8
STU00916,20,Female,7.31,63.5,0,69.0,76,80.0,1,1.0,No,No,51.0,45,2,9.2,Average,Ready,77.3
STU01007,23,Female,7.5,76.0,0,56.0,70,66.0,1,1.0,Yes,Yes,56.0,36,1,4.4,Good,Ready,67.4
STU01198,21,Female,6.61,72.6,0,43.0,46,84.0,0,2.0,No,No,59.0,38,2,13.7,Average,Not Ready,11.3
STU01102,21,Male,7.1,71.6,0,50.0,59,72.0,0,1.0,Yes,No,53.0,39,2,5.9,Average,Developing,39.2
STU00801,24,Female,6.57,72.2,0,43.0,54,74.0,0,1.0,No,No,45.0,23,1,11.3,Average,Not Ready,10.3
STU00580,20,Male,8.39,85.8,0,57.0,56,54.0,2,7.0,No,No,50.0,57,3,17.9,Excellent,Highly Ready,76.0
STU00161,22,Female,6.02,72.4,2,50.0,25,55.0,1,1.0,No,No,52.0,43,1,7.5,Poor,Not Ready,3.8
STU00681,21,Male,7.5,85.3,0,71.0,82,79.0,4,1.0,Yes,No,59.0,61,5,15.8,Good,Highly Ready,94.4
STU00957,21,Female,6.99,80.1,0,42.0,70,67.0,1,1.0,No,No,54.0,36,2,18.2,Good,Not Ready,20.2
STU01145,19,Male,6.93,88.2,0,69.0,56,68.0,2,2.0,Yes,No,72.0,44,2,16.5,Average,Highly Ready,83.2
STU00163,21,Female,7.43,73.9,0,64.0,77,43.0,2,0.0,No,Yes,59.0,49,4,1.0,Average,Ready,66.1
STU00822,21,Male,7.87,79.9,0,78.0,84,57.0,2,0.0,Yes,Yes,81.0,57,5,7.1,Good,Highly Ready,97.6
STU00706,20,Female,6.31,,0,43.0,44,60.0,1,0.0,No,No,41.0,35,1,7.3,Poor,Not Ready,5.1
STU01032,21,Male,6.99,74.6,0,59.0,57,73.0,2,2.0,No,No,62.0,48,2,15.8,Average,Developing,29.9
STU00878,22,Female,6.1,76.6,2,56.0,73,62.0,0,3.0,No,Yes,55.0,48,2,16.2,Poor,Not Ready,9.4
STU00896,21,Male,8.55,71.2,0,71.0,71,68.0,0,5.0,Yes,No,,55,5,1.0,Excellent,Highly Ready,99.5
STU00914,21,Female,6.79,82.9,0,54.0,61,65.0,1,2.0,No,No,55.0,42,2,7.1,Average,Developing,34.0
STU01139,22,Male,7.62,87.5,0,55.0,64,47.0,4,4.0,Yes,Yes,51.0,51,4,20.5,Good,Highly Ready,94.3
STU00153,21,Male,4.46,60.2,10,32.0,55,71.0,0,0.0,No,No,69.0,20,1,8.7,Poor,Not Ready,0.9
STU01009,19,Female,8.1,79.8,0,81.0,59,81.0,0,1.0,Yes,Yes,59.0,58,3,20.4,Excellent,Highly Ready,97.4
STU01161,21,Male,6.63,92.6,1,60.0,68,72.0,1,4.0,No,No,52.0,47,2,30.6,Average,Developing,43.1
STU00510,23,Male,7.66,79.8,0,47.0,72,79.0,1,3.0,No,No,68.0,34,2,10.3,Good,Developing,40.4
STU00112,21,Male,6.49,77.0,0,53.0,65,57.0,5,6.0,No,Yes,73.0,65,3,13.9,Average,Highly Ready,96.4
STU00227,21,Male,8.65,83.6,0,99.0,75,90.0,7,5.0,No,Yes,80.0,100,5,21.0,Excellent,Highly Ready,99.5
STU01016,22,Male,6.13,81.6,1,37.0,47,65.0,0,1.0,No,No,32.0,19,2,8.1,Poor,Not Ready,0.5
STU00852,20,Male,5.7,78.7,2,61.0,48,44.0,0,0.0,No,No,55.0,39,2,3.0,Poor,Not Ready,5.7
STU00104,23,Female,8.42,81.9,0,70.0,80,67.0,3,1.0,No,No,59.0,49,5,15.2,Excellent,Highly Ready,92.1
STU00422,21,Female,6.69,74.2,0,44.0,54,,1,0.0,No,Yes,75.0,22,1,19.7,Average,Not Ready,11.9
STU00420,19,Male,7.98,71.5,0,81.0,69,64.0,0,1.0,,Yes,45.0,51,2,9.5,Good,Ready,71.2
STU00968,22,Male,6.47,56.8,2,48.0,62,32.0,1,0.0,No,No,44.0,39,2,1.0,Poor,Not Ready,7.1
STU00625,22,Male,7.19,77.6,0,51.0,51,52.0,0,0.0,Yes,No,23.0,43,3,1.4,Average,Developing,40.5
STU00587,21,Male,6.57,86.9,0,46.0,44,56.0,4,4.0,No,Yes,58.0,59,1,12.4,Average,Ready,73.1
STU01075,21,Male,5.87,68.4,2,54.0,47,56.0,0,1.0,No,No,75.0,26,2,10.9,Poor,Not Ready,3.5
STU00920,21,Female,6.33,92.0,1,36.0,31,60.0,3,1.0,No,No,40.0,43,1,12.5,Average,Not Ready,10.3
STU00673,20,Female,5.57,77.6,2,34.0,52,63.0,2,1.0,No,No,54.0,33,4,11.6,Poor,Not Ready,0.5
STU00120,24,Female,7.14,84.4,0,52.0,44,73.0,1,3.0,Yes,No,39.0,41,5,19.7,Good,Ready,54.0
STU00054,22,Female,7.17,83.9,0,34.0,54,58.0,1,2.0,No,No,38.0,35,4,9.4,Good,Not Ready,13.2
STU00152,21,Male,6.5,74.3,2,48.0,44,59.0,2,2.0,No,Yes,71.0,44,1,16.0,Poor,Not Ready,21.0
STU00404,20,Male,6.27,57.2,2,52.0,52,58.0,2,0.0,No,No,49.0,41,1,4.9,Poor,Not Ready,2.3
STU00325,22,Male,8.84,72.7,0,74.0,98,74.0,6,2.0,No,Yes,63.0,66,2,10.6,Excellent,Highly Ready,99.5
STU00208,21,Male,5.91,89.8,3,42.0,43,63.0,0,3.0,No,No,90.0,30,1,13.8,Poor,Not Ready,0.5
STU01149,23,Female,8.62,98.9,0,80.0,97,100.0,7,6.0,Yes,No,71.0,90,4,26.8,Excellent,Highly Ready,99.5
STU00659,20,Female,7.88,86.5,0,93.0,69,78.0,4,1.0,Yes,Yes,39.0,64,4,22.6,Good,Highly Ready,97.2
STU01111,21,Male,8.67,74.8,0,79.0,74,62.0,3,3.0,Yes,Yes,76.0,66,3,18.5,Excellent,Highly Ready,95.8
STU00233,20,Female,6.83,83.2,0,56.0,61,60.0,3,1.0,Yes,No,56.0,45,4,6.6,Average,Ready,55.4
STU00009,20,Female,7.39,83.9,0,64.0,90,88.0,1,4.0,No,No,70.0,47,3,25.5,Good,Ready,72.5
STU00160,20,Female,5.61,67.1,3,45.0,47,54.0,0,1.0,No,No,49.0,41,2,6.7,Poor,Not Ready,1.9
STU00037,22,Male,6.31,79.7,1,47.0,59,80.0,1,0.0,Yes,No,73.0,24,2,8.2,Poor,Developing,29.0
STU00453,20,Male,9.21,89.7,0,77.0,67,65.0,2,0.0,Yes,Yes,64.0,56,3,12.6,Excellent,Highly Ready,99.5
STU00652,20,Female,6.87,82.8,0,57.0,55,52.0,2,3.0,No,No,55.0,43,2,16.8,Good,Developing,19.5
STU00254,22,Male,6.01,65.6,1,57.0,38,62.0,1,0.0,No,No,44.0,48,1,13.5,Poor,Not Ready,7.8
STU00304,20,Female,5.92,79.2,1,72.0,60,51.0,2,1.0,Yes,No,47.0,51,2,9.9,Poor,Ready,56.0
STU00897,22,Other,6.98,81.3,0,56.0,48,79.0,2,3.0,No,Yes,82.0,40,2,21.5,Good,Developing,40.5
STU01063,24,Female,7.22,83.2,0,59.0,67,75.0,1,1.0,No,No,44.0,47,2,10.8,Good,Developing,23.4
STU00881,23,Female,7.42,82.6,1,44.0,52,56.0,3,0.0,No,No,39.0,37,4,13.5,Good,Developing,28.0
STU00572,22,Male,6.85,83.9,0,55.0,60,50.0,1,3.0,No,No,38.0,38,2,19.2,Average,Developing,37.7
STU01012,22,Female,8.96,90.9,0,76.0,93,45.0,4,2.0,Yes,No,62.0,65,3,22.0,Excellent,Highly Ready,97.3
STU01147,22,Male,7.6,73.2,0,75.0,58,76.0,3,0.0,No,No,58.0,59,3,18.2,Good,Ready,72.8
STU00624,22,Female,6.7,82.7,1,56.0,60,76.0,2,1.0,No,Yes,51.0,50,3,21.0,Average,Developing,32.8
STU00346,21,Male,5.43,83.1,4,32.0,22,49.0,1,0.0,No,No,60.0,27,1,13.0,Poor,Not Ready,0.5
STU00091,21,Male,7.84,,0,63.0,70,81.0,1,6.0,Yes,No,44.0,56,4,20.8,Excellent,Highly Ready,94.6
STU00263,20,Female,6.19,70.8,0,55.0,55,76.0,1,3.0,No,No,41.0,45,1,11.0,Poor,Developing,24.6
STU00151,21,Male,7.33,79.1,0,36.0,53,35.0,2,6.0,No,No,37.0,49,2,10.1,Good,Not Ready,10.9
STU00473,20,Female,6.6,78.3,0,62.0,68,46.0,2,3.0,Yes,No,61.0,51,1,8.1,Average,Ready,76.1
STU00641,22,Male,5.51,80.8,2,28.0,53,43.0,0,3.0,No,Yes,54.0,29,4,10.5,Poor,Not Ready,7.3
STU00559,19,Male,5.71,75.4,0,28.0,48,71.0,0,1.0,No,No,74.0,13,1,10.3,Poor,Not Ready,0.5
STU01144,20,Female,6.37,62.9,0,45.0,77,85.0,1,2.0,No,No,,38,3,17.4,Poor,Developing,21.9
STU00551,22,Male,6.89,72.3,0,48.0,55,40.0,3,1.0,Yes,No,51.0,51,2,5.8,Average,Ready,55.6
STU00929,21,Male,6.83,81.4,0,52.0,61,63.0,3,0.0,Yes,No,71.0,35,1,17.8,Good,Ready,49.3
STU00489,20,Female,6.63,76.1,1,44.0,65,68.0,1,0.0,No,Yes,69.0,31,1,16.9,Average,Not Ready,8.8
STU01095,20,Male,7.29,93.6,0,47.0,54,79.0,1,3.0,No,No,52.0,30,1,24.3,Good,Developing,21.5
STU00147,20,Female,6.35,92.4,1,56.0,41,61.0,2,2.0,No,No,39.0,50,4,17.9,Average,Not Ready,15.2
STU00403,22,Male,8.37,79.8,0,83.0,79,71.0,4,4.0,Yes,No,67.0,64,4,18.8,Excellent,Highly Ready,99.5
STU00955,22,Female,7.03,78.4,0,71.0,59,53.0,0,0.0,Yes,No,80.0,42,2,21.4,Average,Ready,56.2
STU01139,22,Male,7.62,87.5,0,55.0,64,47.0,4,4.0,Yes,Yes,51.0,51,4,20.5,Good,Highly Ready,94.3
STU00660,23,Female,5.43,78.9,0,55.0,51,69.0,1,0.0,No,No,62.0,28,3,1.0,Poor,Not Ready,8.7
STU00464,21,Male,5.67,85.9,0,52.0,32,50.0,0,1.0,No,No,54.0,34,1,27.6,Poor,Not Ready,6.4
STU00187,21,Female,7.28,85.2,0,72.0,67,63.0,3,4.0,Yes,No,70.0,68,8,22.0,Good,Highly Ready,94.7
STU00609,20,Female,5.48,66.6,2,50.0,33,67.0,0,0.0,No,No,42.0,34,2,15.0,Poor,Not Ready,0.8
STU00144,20,Male,6.7,60.3,0,70.0,66,54.0,1,3.0,Yes,Yes,70.0,50,2,9.3,Average,Ready,68.9
STU00752,23,Female,7.57,77.7,0,60.0,57,70.0,3,0.0,Yes,No,59.0,50,2,,Good,Highly Ready,99.5
STU00982,21,Male,5.58,90.4,2,31.0,36,77.0,1,0.0,No,No,50.0,27,2,25.6,Poor,Not Ready,0.5
STU00198,22,Female,7.14,75.7,0,46.0,50,66.0,1,0.0,No,Yes,78.0,37,3,17.2,Average,Developing,20.2
STU00884,20,Male,6.71,78.0,0,44.0,50,44.0,1,3.0,No,No,55.0,36,2,13.3,Average,Not Ready,5.6
STU00280,22,Female,7.55,98.7,1,73.0,77,60.0,1,4.0,No,No,,48,2,18.3,Good,Highly Ready,81.0
STU00294,22,Female,4.0,64.6,10,24.0,30,53.0,2,0.0,No,No,52.0,22,2,1.0,Poor,Not Ready,2.7
STU01103,20,Male,6.13,58.1,0,34.0,49,37.0,2,0.0,No,No,23.0,42,5,1.0,Poor,Not Ready,7.6
STU00401,21,Female,6.17,76.8,4,51.0,61,54.0,3,2.0,No,No,55.0,40,3,13.8,Poor,Not Ready,8.7
STU00123,22,Female,7.2,78.7,0,71.0,65,56.0,0,0.0,No,No,65.0,45,3,12.9,Average,Developing,37.1
STU00203,22,Male,6.91,82.2,0,74.0,66,70.0,5,1.0,No,Yes,73.0,67,5,11.3,Average,Highly Ready,92.9
STU00836,21,Male,6.94,82.1,1,46.0,64,55.0,1,1.0,Yes,No,64.0,29,1,13.2,Average,Developing,27.1
STU00247,22,Male,6.62,77.4,0,40.0,51,72.0,2,4.0,No,Yes,89.0,38,1,31.3,Average,Developing,21.1
STU01154,20,Male,7.05,78.7,0,55.0,63,73.0,0,2.0,No,No,62.0,28,2,21.3,Average,Not Ready,20.5
STU00385,21,Male,6.1,74.6,1,42.0,47,81.0,0,1.0,No,No,56.0,31,1,16.6,Poor,Not Ready,4.7
STU00855,21,Male,7.34,71.5,0,57.0,66,80.0,2,3.0,No,No,57.0,38,2,13.8,Good,Ready,62.2
STU00220,21,Male,6.44,73.0,0,61.0,48,63.0,0,1.0,No,No,,43,1,10.8,Average,Not Ready,11.8
STU00642,23,Male,8.01,73.6,0,63.0,66,58.0,4,2.0,Yes,No,58.0,58,5,11.6,Good,Highly Ready,91.4
STU00002,22,Male,5.81,73.4,1,42.0,49,66.0,1,0.0,No,No,87.0,49,4,2.4,Poor,Not Ready,3.4
STU00113,22,Male,5.75,77.7,0,62.0,53,76.0,1,1.0,No,No,79.0,31,2,10.1,Poor,Not Ready,16.0
STU00699,22,Male,7.04,76.1,0,47.0,47,64.0,2,2.0,No,No,44.0,42,2,5.5,Average,Developing,22.7
STU00952,22,Female,7.13,82.8,0,45.0,65,72.0,4,3.0,Yes,Yes,59.0,42,3,14.5,Good,Highly Ready,89.6
STU01093,22,Female,8.55,89.3,0,87.0,64,53.0,0,5.0,Yes,No,53.0,60,3,13.1,Excellent,Highly Ready,96.4
STU00442,24,Female,7.68,83.9,0,62.0,52,81.0,2,4.0,Yes,Yes,52.0,60,4,12.9,Good,Highly Ready,97.2
STU00664,21,Female,6.67,82.3,1,71.0,51,87.0,2,5.0,No,Yes,62.0,70,4,22.1,Average,Highly Ready,84.7
STU01110,21,Female,7.3,89.4,1,75.0,66,67.0,5,0.0,No,No,70.0,84,5,14.3,Good,Highly Ready,89.5
STU00318,21,Male,7.07,88.2,0,56.0,67,70.0,1,2.0,Yes,No,62.0,39,2,25.3,Good,Ready,76.2
STU00649,20,Male,7.07,64.9,1,53.0,62,54.0,1,0.0,No,No,85.0,41,4,16.8,Average,Developing,18.5
STU00710,20,Female,6.61,81.9,2,71.0,61,82.0,2,0.0,No,No,45.0,52,6,11.1,Poor,Developing,30.4
STU00973,21,Female,7.01,72.3,0,70.0,63,53.0,3,1.0,No,Yes,100.0,43,3,8.4,Average,Ready,77.7
STU00628,21,Female,7.85,91.6,0,70.0,72,67.0,2,4.0,Yes,No,63.0,66,7,22.0,Good,Highly Ready,95.9
STU00633,21,Female,6.83,77.9,0,65.0,48,63.0,0,0.0,No,No,52.0,36,1,,Average,Not Ready,14.4
STU01186,19,Female,4.6,65.1,9,50.0,38,74.0,1,1.0,No,No,55.0,35,1,11.2,Poor,Not Ready,0.5
STU01121,22,Female,7.29,86.0,0,54.0,52,79.0,3,0.0,Yes,No,64.0,60,5,18.9,Good,Highly Ready,91.9
STU00796,21,Male,6.73,80.2,2,57.0,61,58.0,1,,No,No,63.0,34,1,17.0,Average,Not Ready,15.4
STU00646,19,Male,5.49,53.9,1,50.0,36,69.0,0,0.0,No,Yes,66.0,31,1,1.5,Poor,Not Ready,6.5
STU01013,19,Male,6.63,87.9,1,66.0,56,75.0,3,1.0,No,No,63.0,56,2,23.2,Average,Ready,52.8
STU00557,21,Male,7.32,84.9,0,59.0,59,91.0,4,2.0,No,No,53.0,45,3,27.1,Good,Highly Ready,84.2
STU00682,23,Female,8.43,90.6,0,73.0,67,72.0,6,4.0,Yes,No,64.0,73,2,25.5,Excellent,Highly Ready,99.4
STU00578,22,Male,7.62,85.4,0,73.0,65,72.0,4,1.0,Yes,Yes,74.0,55,1,18.0,Good,Highly Ready,96.9
STU00525,21,Female,8.06,90.5,1,94.0,64,80.0,4,2.0,Yes,Yes,44.0,71,3,22.1,Good,Highly Ready,99.5
STU01060,20,Male,8.35,85.8,0,69.0,82,38.0,2,2.0,No,No,55.0,45,3,17.1,Excellent,Highly Ready,82.1
STU00541,22,Male,6.03,73.9,0,27.0,45,62.0,0,0.0,No,No,52.0,28,3,9.4,Poor,Not Ready,2.7
STU00749,20,Male,6.07,75.6,2,41.0,47,61.0,0,0.0,No,No,37.0,21,1,11.9,Poor,Not Ready,1.0
STU00490,19,Female,7.77,90.3,0,59.0,43,72.0,3,1.0,Yes,No,57.0,62,5,10.9,Good,Highly Ready,95.0
STU00485,21,Male,7.27,82.6,0,66.0,59,77.0,2,1.0,No,Yes,77.0,44,1,7.4,Good,Ready,52.5
STU00096,20,Female,6.54,78.2,1,48.0,37,55.0,2,5.0,No,No,64.0,42,2,17.7,Average,Developing,24.9
STU01021,21,Male,6.97,86.0,0,54.0,85,61.0,1,0.0,No,No,27.0,57,4,19.0,Average,Developing,38.5
STU00564,21,Male,6.38,58.2,2,43.0,49,55.0,0,0.0,No,No,42.0,8,1,14.0,Poor,Not Ready,4.0
STU00743,21,Male,5.68,80.3,0,38.0,47,54.0,0,0.0,No,No,61.0,26,1,8.3,Poor,Not Ready,0.5
STU00864,21,Male,7.01,93.4,0,65.0,73,65.0,1,0.0,No,No,45.0,51,4,17.4,Good,Ready,54.9
STU00892,22,Male,6.64,88.6,0,38.0,46,52.0,1,,No,No,92.0,40,2,10.7,Average,Not Ready,5.6
STU01039,20,Female,6.89,75.5,1,61.0,73,62.0,1,1.0,No,Yes,67.0,31,2,13.9,Average,Not Ready,8.9
STU00207,21,Female,6.26,,2,42.0,61,49.0,0,1.0,No,No,53.0,31,1,18.2,Poor,Not Ready,5.0
STU00393,21,Male,6.33,78.5,0,61.0,50,57.0,0,,No,No,52.0,42,1,11.0,Average,Not Ready,4.9
STU00795,20,Male,5.71,82.7,1,44.0,38,58.0,0,1.0,No,No,44.0,31,2,16.3,Poor,Not Ready,1.8
STU00871,19,Male,7.6,76.4,0,57.0,56,87.0,3,1.0,No,No,73.0,46,1,14.6,Good,Ready,71.8
STU00398,19,Male,8.05,82.6,0,65.0,75,63.0,4,3.0,Yes,No,80.0,63,3,15.6,Good,Highly Ready,99.5
STU00767,20,Male,7.07,78.9,1,46.0,64,77.0,2,0.0,No,No,60.0,49,4,18.2,Average,Developing,44.0
STU01114,20,Male,6.66,79.8,2,56.0,47,71.0,1,2.0,No,No,70.0,42,2,17.2,Poor,Not Ready,14.4
STU01029,23,Male,7.72,80.2,0,61.0,57,79.0,4,4.0,No,Yes,56.0,57,2,35.7,Good,Highly Ready,93.7
STU00643,22,Male,8.89,86.5,0,85.0,84,75.0,2,4.0,No,Yes,61.0,67,2,19.1,Excellent,Highly Ready,93.7
STU00613,20,Male,4.94,75.5,8,41.0,34,75.0,2,1.0,No,No,55.0,38,2,15.2,Poor,Not Ready,0.5
STU00961,21,Female,8.29,70.3,0,83.0,75,53.0,2,0.0,No,Yes,29.0,77,4,10.1,Good,Highly Ready,93.1
STU00726,19,Male,7.57,72.3,0,67.0,67,68.0,4,1.0,No,No,63.0,60,5,12.5,Good,Ready,72.9
STU00684,19,Male,5.42,82.2,3,62.0,49,66.0,1,1.0,No,No,58.0,43,1,8.0,Poor,Not Ready,3.3
STU00099,20,Male,6.63,73.8,1,62.0,80,43.0,4,0.0,No,Yes,53.0,57,2,2.4,Average,Ready,58.5
STU00805,19,Male,7.09,82.5,0,65.0,77,84.0,1,2.0,Yes,No,49.0,55,5,2.7,Average,Highly Ready,90.7
STU00407,21,Male,6.55,89.9,1,65.0,63,69.0,1,1.0,Yes,No,56.0,49,1,14.5,Average,Developing,46.9
STU00503,20,Male,6.96,80.6,1,23.0,48,70.0,3,2.0,Yes,Yes,51.0,30,2,12.3,Average,Developing,43.2
STU01072,22,Male,5.3,67.9,6,43.0,36,76.0,1,1.0,,No,37.0,29,1,12.5,Poor,Not Ready,0.5
STU01057,21,Male,7.56,77.6,1,54.0,56,88.0,3,4.0,Yes,No,60.0,46,3,12.9,Average,Highly Ready,90.4
STU00930,23,Male,7.11,78.9,0,76.0,59,89.0,2,0.0,Yes,No,46.0,52,2,20.9,Good,Highly Ready,96.1
STU00780,21,Male,6.13,77.4,1,39.0,30,66.0,1,1.0,No,No,46.0,21,1,16.7,Poor,Not Ready,2.9
STU00201,24,Male,7.62,93.3,0,63.0,55,59.0,2,1.0,Yes,Yes,52.0,55,5,27.4,Good,Ready,83.6
STU00135,19,Male,5.84,82.8,1,24.0,43,60.0,2,2.0,No,No,26.0,31,3,12.7,Poor,Not Ready,0.5
STU01052,21,Male,7.05,70.7,0,37.0,72,50.0,1,3.0,No,No,62.0,36,3,11.5,Good,Developing,27.2
STU00041,23,Male,7.98,88.2,0,71.0,59,54.0,1,2.0,Yes,No,63.0,48,4,19.7,Excellent,Highly Ready,97.7
STU01018,20,Male,7.04,82.4,0,63.0,68,60.0,1,3.0,Yes,Yes,49.0,49,3,12.9,Average,Highly Ready,89.5
STU00231,22,Female,5.57,74.6,1,30.0,50,73.0,0,0.0,No,No,53.0,15,1,13.5,Poor,Not Ready,1.7
STU00379,22,Male,7.64,70.1,0,74.0,70,57.0,1,0.0,Yes,No,30.0,40,2,1.1,Good,Highly Ready,82.2
STU00289,21,Male,7.03,89.6,0,53.0,60,61.0,2,0.0,Yes,No,62.0,39,1,12.7,Average,Developing,50.3
STU00419,23,Female,7.22,83.4,1,44.0,61,81.0,3,6.0,No,Yes,86.0,47,1,22.3,Good,Ready,72.0
STU00392,21,Female,6.62,66.2,2,58.0,58,73.0,1,0.0,No,No,53.0,46,3,5.9,Poor,Not Ready,15.3
STU00593,22,Male,8.34,85.8,0,83.0,74,,2,1.0,No,Yes,41.0,56,3,15.6,Excellent,Highly Ready,85.0
STU01087,20,Female,6.64,76.2,0,36.0,36,69.0,3,2.0,No,Yes,100.0,27,1,19.6,Average,Developing,34.9
STU00648,21,Female,5.35,70.6,3,22.0,29,35.0,1,0.0,No,No,52.0,28,2,11.8,Poor,Not Ready,3.0
STU00521,21,Female,6.73,82.5,0,49.0,50,74.0,1,3.0,No,No,70.0,46,3,26.6,Average,Developing,32.9
STU00065,20,Female,7.25,81.4,0,78.0,51,72.0,5,2.0,No,No,67.0,79,8,15.1,Average,Highly Ready,98.1
STU00015,20,Male,6.88,66.4,0,39.0,57,70.0,1,1.0,No,No,55.0,42,4,2.4,Poor,Not Ready,5.0
STU01065,23,Female,6.81,,1,58.0,48,63.0,2,4.0,No,Yes,55.0,49,2,25.7,Average,Developing,28.4
STU00493,22,Male,5.79,68.5,1,53.0,51,49.0,0,0.0,,No,47.0,36,1,10.4,Poor,Not Ready,5.6
STU00380,22,Female,6.27,87.8,0,51.0,57,53.0,0,2.0,Yes,No,47.0,25,2,15.0,Average,Not Ready,8.4
STU00188,20,Male,5.47,66.3,7,39.0,45,49.0,0,0.0,No,No,42.0,30,2,11.9,Poor,Not Ready,0.5
STU00764,21,Male,7.04,72.1,0,69.0,69,71.0,3,4.0,No,No,94.0,66,3,14.1,Average,Highly Ready,86.6
STU00217,22,Female,8.65,83.3,0,83.0,58,68.0,5,6.0,Yes,No,82.0,74,2,26.2,Excellent,Highly Ready,97.5
STU00792,21,Male,5.55,71.9,0,34.0,49,63.0,1,0.0,Yes,No,57.0,25,1,20.4,Poor,Not Ready,0.5
STU01077,20,Female,7.0,70.7,1,48.0,61,65.0,1,0.0,No,No,60.0,48,4,4.7,Average,Not Ready,16.1
STU00879,21,Male,6.13,65.8,1,43.0,59,51.0,0,2.0,No,No,80.0,32,2,5.8,Poor,Not Ready,2.6
STU00338,21,Male,6.83,66.6,0,44.0,79,57.0,0,0.0,No,Yes,57.0,34,2,9.6,Average,Developing,33.4
STU00720,21,Male,6.13,63.8,1,40.0,25,73.0,0,0.0,Yes,No,61.0,15,1,2.5,Poor,Not Ready,3.4
STU00296,22,Female,6.49,77.0,0,57.0,43,51.0,1,1.0,No,No,69.0,57,3,7.2,Average,Not Ready,7.7
STU01017,21,Female,7.24,87.5,0,63.0,71,55.0,1,2.0,No,Yes,61.0,51,2,11.1,Good,Ready,67.9
STU00456,21,Male,5.98,59.3,0,54.0,59,42.0,2,0.0,No,Yes,68.0,42,3,5.4,Poor,Not Ready,15.0
STU00816,20,Male,7.32,84.7,1,60.0,62,72.0,0,1.0,No,Yes,86.0,37,3,18.8,Good,Ready,52.3
STU00270,21,Male,6.9,61.6,0,49.0,52,62.0,1,1.0,No,No,58.0,31,3,3.1,Poor,Not Ready,3.9
STU00996,20,Other,7.02,65.3,0,48.0,54,62.0,1,0.0,No,No,74.0,46,6,1.6,Average,Developing,37.1
STU00202,21,Male,8.8,70.7,0,73.0,73,76.0,2,1.0,Yes,No,69.0,54,2,14.4,Excellent,Highly Ready,91.9
STU00162,22,Male,7.04,,1,48.0,52,37.0,1,5.0,No,No,54.0,44,2,15.7,Average,Not Ready,17.8
STU00730,21,Male,6.02,96.6,1,42.0,51,60.0,0,2.0,No,No,52.0,37,2,17.4,Poor,Not Ready,6.0
STU00402,21,Female,8.36,76.6,0,69.0,71,65.0,4,3.0,No,No,51.0,64,4,14.8,Excellent,Highly Ready,98.9
STU00703,20,Female,7.03,81.6,0,39.0,42,65.0,1,2.0,No,No,36.0,18,1,13.6,Good,Not Ready,13.3
STU01130,19,Female,5.99,77.7,0,43.0,35,78.0,0,1.0,No,No,52.0,20,1,24.3,Average,Not Ready,0.5
STU00566,21,Male,8.02,84.7,0,70.0,66,66.0,4,2.0,No,Yes,62.0,66,3,13.0,Excellent,Highly Ready,85.1
STU01022,21,Male,7.39,78.5,0,69.0,56,53.0,1,0.0,No,No,83.0,49,4,14.4,Good,Developing,22.4
STU01026,21,Male,6.05,83.6,2,56.0,54,44.0,2,1.0,No,No,80.0,44,5,14.5,Poor,Developing,20.5
STU01105,20,Female,6.15,82.7,2,37.0,47,58.0,0,1.0,No,No,66.0,27,1,19.7,Poor,Not Ready,0.5
STU00206,23,Male,6.82,71.3,0,70.0,60,65.0,1,0.0,No,No,57.0,48,2,11.1,Average,Developing,42.3
STU00035,22,Male,7.91,77.7,0,75.0,67,100.0,0,0.0,No,Yes,53.0,66,1,11.8,Good,Highly Ready,93.7
STU00776,22,Male,6.86,82.7,0,61.0,58,,4,1.0,No,No,48.0,48,3,13.3,Average,Ready,53.9
STU00509,20,Male,6.88,88.7,0,63.0,61,96.0,0,1.0,No,Yes,72.0,34,1,23.0,Good,Ready,49.5
STU01199,20,Male,7.29,77.6,2,63.0,74,73.0,1,3.0,Yes,Yes,57.0,59,4,12.6,Average,Highly Ready,99.1
STU00092,21,Male,6.65,79.4,0,63.0,58,71.0,0,2.0,No,No,61.0,45,3,9.2,Average,Not Ready,9.5
STU00898,21,Male,6.05,63.4,2,45.0,51,82.0,0,0.0,No,No,46.0,14,1,17.2,Poor,Not Ready,4.7
STU00565,20,Female,6.93,73.2,1,66.0,68,50.0,0,0.0,No,No,44.0,49,4,5.3,Average,Developing,20.3
STU00777,21,Male,4.82,68.4,2,33.0,30,60.0,0,0.0,No,No,56.0,16,1,4.3,Poor,Not Ready,0.5
STU00242,21,Female,6.7,74.1,0,67.0,62,73.0,1,2.0,Yes,No,64.0,64,4,5.0,Average,Highly Ready,93.3
STU00014,21,Female,7.33,65.3,0,77.0,70,72.0,3,3.0,No,Yes,13.0,59,2,11.1,Average,Highly Ready,83.4
STU00316,23,Male,7.43,76.9,1,52.0,56,91.0,2,1.0,No,No,59.0,48,5,11.0,Good,Developing,25.2
STU00601,22,Male,6.94,86.7,1,72.0,60,66.0,4,5.0,No,Yes,41.0,58,2,15.0,Good,Highly Ready,85.8
STU00388,20,Female,7.14,92.5,0,69.0,72,59.0,2,4.0,No,Yes,81.0,67,4,21.8,Good,Highly Ready,90.0
STU00167,20,Male,7.21,79.0,0,61.0,65,55.0,1,0.0,No,Yes,45.0,49,4,9.0,Average,Developing,48.4
STU00841,20,Male,8.72,89.4,0,90.0,83,68.0,5,2.0,Yes,Yes,94.0,75,4,12.8,Excellent,Highly Ready,99.5
STU00021,21,Male,7.39,67.5,0,49.0,64,47.0,6,2.0,Yes,No,52.0,56,1,15.8,Average,Highly Ready,86.5
STU00647,20,Male,7.45,70.8,0,75.0,61,62.0,0,,No,Yes,84.0,56,1,13.2,Good,Highly Ready,89.6
STU01155,23,Female,6.54,67.9,1,73.0,60,55.0,2,1.0,No,Yes,82.0,53,4,9.0,Poor,Developing,40.4
STU00832,19,Female,7.46,87.0,0,75.0,62,61.0,6,0.0,Yes,No,48.0,65,2,6.0,Good,Highly Ready,98.3
STU00563,22,Male,7.12,75.4,0,52.0,60,54.0,0,4.0,No,No,45.0,37,2,10.9,Average,Developing,31.1
STU01197,20,Male,5.53,68.8,6,48.0,39,66.0,0,0.0,No,No,55.0,43,2,13.9,Poor,Not Ready,0.5
STU00687,22,Male,7.32,79.8,0,58.0,58,53.0,2,0.0,Yes,Yes,,48,5,7.1,Average,Ready,78.9
STU00958,20,Male,8.14,83.8,0,85.0,72,81.0,1,0.0,No,No,26.0,50,3,6.0,Good,Ready,78.5
STU00190,20,Male,7.32,81.9,0,72.0,84,55.0,2,1.0,Yes,No,51.0,67,6,12.3,Average,Highly Ready,92.8
STU00976,21,Female,6.7,77.5,0,37.0,52,55.0,0,3.0,No,No,38.0,20,1,,Average,Not Ready,7.8
STU00700,20,Female,7.32,68.9,0,42.0,47,60.0,1,0.0,No,Yes,43.0,40,3,9.3,Good,Not Ready,13.5
STU00511,22,Male,4.97,79.2,7,32.0,62,56.0,0,0.0,No,No,56.0,22,1,14.0,Poor,Not Ready,3.8
STU01083,21,Male,7.24,88.5,0,63.0,69,65.0,4,3.0,No,No,69.0,59,1,23.2,Good,Highly Ready,77.8
STU00475,19,Other,7.29,76.0,0,59.0,68,48.0,1,0.0,Yes,No,60.0,44,3,6.9,Average,Ready,71.3
STU00857,19,Male,6.99,67.5,0,71.0,66,69.0,2,3.0,No,Yes,58.0,50,3,10.5,Average,Ready,72.2
STU00748,20,Female,7.32,84.3,0,53.0,74,56.0,4,1.0,No,No,70.0,62,7,5.1,Average,Ready,66.0
STU00253,21,Female,8.74,87.8,0,72.0,92,58.0,4,2.0,Yes,Yes,48.0,64,4,7.7,Excellent,Highly Ready,94.0
STU00022,22,Female,7.13,89.2,0,41.0,41,84.0,1,2.0,No,No,54.0,40,2,15.4,Good,Developing,32.4
STU00460,21,Male,7.55,71.5,0,63.0,64,80.0,1,2.0,No,No,58.0,48,2,16.8,Good,Developing,28.2
STU01185,21,Male,7.52,84.9,0,68.0,46,,3,3.0,No,No,62.0,58,2,18.0,Good,Ready,84.0
STU00277,22,Male,6.12,98.3,3,70.0,68,84.0,3,4.0,No,No,,60,3,22.3,Average,Ready,52.7
STU00956,22,Male,8.57,,0,63.0,63,62.0,4,6.0,Yes,Yes,69.0,68,2,22.8,Excellent,Highly Ready,99.5
STU00386,21,Male,5.6,62.9,1,37.0,39,55.0,0,0.0,No,Yes,57.0,21,1,4.3,Poor,Not Ready,3.9
STU00806,22,Male,8.49,95.1,0,88.0,63,72.0,6,6.0,Yes,Yes,72.0,91,4,11.3,Excellent,Highly Ready,96.8
STU00344,24,Male,7.55,78.4,0,68.0,62,43.0,2,0.0,No,Yes,56.0,50,4,13.6,Good,Ready,56.3
STU00770,20,Male,9.0,98.3,0,81.0,88,64.0,4,1.0,No,Yes,79.0,69,4,9.5,Excellent,Highly Ready,99.5
STU00131,19,Male,6.37,66.0,1,39.0,43,56.0,0,0.0,Yes,No,63.0,25,3,6.3,Poor,Not Ready,2.4
STU00872,21,Male,5.41,70.8,3,33.0,47,66.0,1,1.0,No,No,44.0,22,1,7.8,Poor,Not Ready,0.5
STU01124,21,Male,6.9,67.8,0,64.0,66,74.0,0,1.0,No,No,64.0,37,1,13.0,Average,Developing,39.2
STU00088,20,Female,6.61,77.9,1,60.0,56,65.0,6,2.0,Yes,Yes,68.0,63,3,8.4,Average,Highly Ready,99.5
STU00331,20,Male,8.86,84.0,0,89.0,76,75.0,2,4.0,Yes,No,44.0,70,5,13.1,Excellent,Highly Ready,95.7
STU00467,20,Female,6.7,73.8,1,46.0,64,,2,4.0,Yes,Yes,40.0,45,2,12.8,Average,Ready,50.8
STU00122,21,Female,6.84,87.4,0,59.0,55,55.0,0,1.0,No,No,53.0,28,1,3.9,Average,Not Ready,17.4
STU01045,20,Male,6.34,84.3,1,51.0,55,74.0,1,0.0,No,No,45.0,43,4,17.2,Poor,Not Ready,10.5
STU01096,21,Male,7.73,89.1,0,68.0,90,73.0,7,4.0,Yes,Yes,52.0,73,2,29.2,Excellent,Highly Ready,96.2
STU01131,22,Male,5.9,74.7,1,51.0,49,44.0,1,1.0,Yes,No,63.0,42,1,4.9,Poor,Not Ready,5.9
STU00861,23,Female,6.81,69.0,0,41.0,46,57.0,0,0.0,No,No,37.0,24,2,9.8,Average,Not Ready,6.0
STU01127,22,Male,7.42,76.0,0,73.0,72,73.0,1,0.0,No,Yes,69.0,55,3,6.3,Good,Ready,77.9
